segment_name,md5,program,from_date
stranger,12b6f16303d3d4cd13399a022017ba04,oferting,2017-09-07 00:00:00.000000
frequent openers,d3b455bdfcc59b969e11c6da7343687e,oferting,2017-09-07 00:00:00.000000
halfslept,298daac4d5cdd12f8a3c1568572c0303,oferting,2017-09-07 00:00:00.000000
new,24c28d79903dc59ce460abd7ff3587fe,oferting,2017-09-07 00:00:00.000000
preactivated,114284a36c0208b1c3930f17d4f7ee79,oferting,2017-09-07 00:00:00.000000
clickers,97ea20747e787ed35537dee680a5a33e,oferting,2017-09-07 00:00:00.000000
halfslept,c298d74ac86515d87e16475fef319a6b,oferting,2017-09-07 00:00:00.000000
new,07d5a3fa9e6b49aee79988620c1e1c6e,oferting,2017-09-07 00:00:00.000000
frequent openers,430659b6079c9a493a76480229b1435e,oferting,2017-09-07 00:00:00.000000
frequent openers,5550210744670d972d6b81a6e330e6a6,oferting,2017-09-07 00:00:00.000000
frequent openers,f9c39df3fbb5c18ac4db3afc440a46e4,oferting,2017-09-07 00:00:00.000000
stranger,3708f36deb0e5edfbb01b2d2a7789893,oferting,2017-09-07 00:00:00.000000
halfslept,354bd20ab006d87ce3596285dec0832c,oferting,2017-09-07 00:00:00.000000
stranger,b472beefa8d6af8e1e09e643ccdfcef6,oferting,2017-09-07 00:00:00.000000
preactivated,213c6cd6cb9bd3da579c7bf12a7a4cb5,oferting,2017-09-07 00:00:00.000000
total inactive,cc90d7eff2e35330ce4dc40dde775a4e,oferting,2017-09-07 00:00:00.000000
preactivated,e0950a2e34fb4aff5aa7534e62f83503,oferting,2017-09-07 00:00:00.000000
frequent openers,bbec9ecaf0c999d5a2e02dda5d36ef2f,oferting,2017-09-07 00:00:00.000000
new,24837165447d6e4a4c1c8588160c373e,oferting,2017-09-07 00:00:00.000000
preactivated,862893026acc078de56a5db80852eeb9,oferting,2017-09-07 00:00:00.000000
frequent openers,572307fd20d3af562e493ca62fc6761f,oferting,2017-09-07 00:00:00.000000
total inactive,e2111f0149dfd56cf2b362f03a724ece,oferting,2017-09-07 00:00:00.000000
halfslept,e6abcb47ae8bfe1646ed7aee0d6869e6,oferting,2017-09-07 00:00:00.000000
clickers,6b0881abe637723dc6ad63ac47af1ae9,oferting,2017-09-07 00:00:00.000000
clickers,ab72a109a4a9d9f8df6e46a0f29b5b2e,oferting,2017-09-07 00:00:00.000000
clickers,9e26c0eebbb68fa1f61303c4d84440ce,oferting,2017-09-07 00:00:00.000000
new,b3f411b09199c3362114a6db996dbe4b,oferting,2017-09-07 00:00:00.000000
halfslept,cbabb5d081be23f4ca1698b1a22ccc74,oferting,2017-09-07 00:00:00.000000
halfslept,116ed831ebc877abe8c62bbfb771834e,oferting,2017-09-07 00:00:00.000000
frequent openers,e4579df1b96a09ae7bb476bdfc56ce1b,oferting,2017-09-07 00:00:00.000000
total inactive,32363862af5f23415a4da80ea028f394,oferting,2017-09-07 00:00:00.000000
clickers,1dd915047fc707b4ba0e501a8cef01e4,oferting,2017-09-07 00:00:00.000000
stranger,068914821f40fb7b987e14d3b7a59a6a,oferting,2017-09-07 00:00:00.000000
clickers,a22ee6f1c665542d6899deff09d39280,oferting,2017-09-07 00:00:00.000000
aop,17f1c918bc9958b408061fc9f1673267,oferting,2017-09-07 00:00:00.000000
stranger,89bf254c632e60d12ce33fa20d3f228c,oferting,2017-09-07 00:00:00.000000
frequent openers,1101e438b61616682f9c922820baa634,oferting,2017-09-07 00:00:00.000000
preactivated,5dd72e3d7f1afc2a9404292585841220,oferting,2017-09-07 00:00:00.000000
frequent openers,a861de93dbd7e887b5afd9b6d1867fca,oferting,2017-09-07 00:00:00.000000
awaken,3a3ad610527441e5abbd06ab9987bbe9,oferting,2017-09-07 00:00:00.000000
new,7a2396a012c6e5bc4ed88a46690e1362,oferting,2017-09-07 00:00:00.000000
frequent openers,8fa2dfc60fdba7208c59a5325acf81b8,oferting,2017-09-07 00:00:00.000000
frequent openers,084deb94ea7527eeb1776319ec7db1d0,oferting,2017-09-07 00:00:00.000000
new,ebe9528985b8790c2949f3c818f1446d,oferting,2017-09-07 00:00:00.000000
new,52832ccba554e9633cd14aba49ac9a18,oferting,2017-09-07 00:00:00.000000
frequent openers,36210e1d78e0447a43a2acaef983a2f5,oferting,2017-09-07 00:00:00.000000
frequent openers,ab2e44474122b52282505056378cd33c,oferting,2017-09-07 00:00:00.000000
total inactive,2092b8e72aa8271d845bbd869c38a040,oferting,2017-09-07 00:00:00.000000
reactivated,7641d723ff1bac5fd73cc2d359dd5421,oferting,2017-09-07 00:00:00.000000
preactivated,b6f05d0cf571de156f0ae28533fe5e02,oferting,2017-09-07 00:00:00.000000
awaken,06208ba9a751c006f344014b85c3813e,oferting,2017-09-07 00:00:00.000000
new,adcff1d5c947c123dd696d1f0880c77d,oferting,2017-09-07 00:00:00.000000
frequent openers,d99533fc210b8048d123e48481b49e91,oferting,2017-09-07 00:00:00.000000
frequent openers,cfb97f120f99b29632c9da1a8b8623d4,oferting,2017-09-07 00:00:00.000000
frequent openers,c82d7f7f49e97c68fe4fa0d3ed61826a,oferting,2017-09-07 00:00:00.000000
total inactive,61a3a2b2d6cd92ad054a0055480df95e,oferting,2017-09-07 00:00:00.000000
clickers,c766972ae63ee892da61382f35cea1b3,oferting,2017-09-07 00:00:00.000000
new,9895e70b5b61c850a0ad2e6f9e200553,oferting,2017-09-07 00:00:00.000000
frequent openers,9c06c2f2d91a568eb6b95a87f7f6f724,oferting,2017-09-07 00:00:00.000000
new,9ab6494f8b8ee1b212746f6a391c742a,oferting,2017-09-07 00:00:00.000000
preactivated,194568be225c00b3823df3040a5cf9e4,oferting,2017-09-07 00:00:00.000000
stranger,ae3d3e5e0d3d453fced4a80a86f0b2dc,oferting,2017-09-07 00:00:00.000000
new,d4f7e0de7924fff90e42fe76269898ba,oferting,2017-09-07 00:00:00.000000
frequent openers,c2cceb1f9ae26e1a197e4bf3a6110ecf,oferting,2017-09-07 00:00:00.000000
new,cbb60e43350871cbde8cf24e9eb1736f,oferting,2017-09-07 00:00:00.000000
stranger,86090d66c4311dec82dbc4e21a0b7e7f,oferting,2017-09-07 00:00:00.000000
total inactive,d4927988284d29e18331b518fb476d49,oferting,2017-09-07 00:00:00.000000
clickers,081f502a5c7075890d7f8707784390b6,oferting,2017-09-07 00:00:00.000000
frequent openers,cdfe6d1e801d28b83489180675516479,oferting,2017-09-07 00:00:00.000000
preactivated,2a06d4b26bb2790cb4192f17282eecea,oferting,2017-09-07 00:00:00.000000
new,33a2543832b5b67901e53b1cc612390e,oferting,2017-09-07 00:00:00.000000
frequent openers,e7fc37138b6dab7123ba3fd14a118084,oferting,2017-09-07 00:00:00.000000
frequent openers,d6fadd5a0d676c593f3188d36f0ee9f5,oferting,2017-09-07 00:00:00.000000
clickers,73a795af2ec9601d1346c2157c0ee18c,oferting,2017-09-07 00:00:00.000000
halfslept,e09a535abbd6b3b767d9899f2e1a9bf3,oferting,2017-09-07 00:00:00.000000
preactivated,62188d68f48751e107f30cc31fa4c225,oferting,2017-09-07 00:00:00.000000
new,84b41518811e4fc7f1d1404a15b5a8d6,oferting,2017-09-07 00:00:00.000000
new,d53b4aac3326ae2c7f230ef25cf73476,oferting,2017-09-07 00:00:00.000000
preactivated,36abce8670a20b8d68bcec27e880e93d,oferting,2017-09-07 00:00:00.000000
new,bf0e700438adfe1b749258dede6c41ee,oferting,2017-09-07 00:00:00.000000
new,55e49e2cc95d79f6d6a560b0279a0224,oferting,2017-09-07 00:00:00.000000
frequent openers,cd30a83968ab2e2749479f21dbd2d5fd,oferting,2017-09-07 00:00:00.000000
frequent openers,87f3f9331e04c2d2a33ac127924dccbf,oferting,2017-09-07 00:00:00.000000
new,c83f50871bd13dfedbbf146431142afb,oferting,2017-09-07 00:00:00.000000
preactivated,027792dc94495a0aa1abf77a01df9c91,oferting,2017-09-07 00:00:00.000000
stranger,d847ee28569bdeff6e7bf4e5d9bb31ba,oferting,2017-09-07 00:00:00.000000
new,0d427cb18b7bd9edf4ba1ee022e44737,oferting,2017-09-07 00:00:00.000000
frequent openers,035e4a85ca7ec3d37a8db27c83999ac8,oferting,2017-09-07 00:00:00.000000
new,cd47e6369102cfff726860cd4f54f2a3,oferting,2017-09-07 00:00:00.000000
frequent openers,dd8d4d9c7e1bd21337909459405a99d4,oferting,2017-09-07 00:00:00.000000
frequent openers,9ef4265e150199dad0280d7475932d4c,oferting,2017-09-07 00:00:00.000000
new,ef297022c2f6fdf06152a76b15250f7a,oferting,2017-09-07 00:00:00.000000
frequent openers,1c73c6bc3ffda81f873f7b876c4451c9,oferting,2017-09-07 00:00:00.000000
preactivated,f431f4ab648086ee8104d0e02d3fb890,oferting,2017-09-07 00:00:00.000000
preactivated,bcbca84f03c0410f2bf92663a1ea40f6,oferting,2017-09-07 00:00:00.000000
preactivated,91d3428308dd0e15b5298ceef81afd7f,oferting,2017-09-07 00:00:00.000000
stranger,0490b70f2874094cbd5c57f242abbe85,oferting,2017-09-07 00:00:00.000000
frequent openers,743b18a9bdea819f725341df95fb3bb8,oferting,2017-09-07 00:00:00.000000
stranger,b836b84a207a73fa8577190ec2c22b0f,oferting,2017-09-07 00:00:00.000000
halfslept,85ec0edd5898a260d6ae1ce335f41fac,oferting,2017-09-07 00:00:00.000000
frequent openers,31126522a0f07417c8a9327ab24b6825,oferting,2017-09-07 00:00:00.000000
reactivated,54eb512cda012506af4fc542702e509f,oferting,2017-09-07 00:00:00.000000
frequent openers,402b56782bb15a31cd0aceafa9d7d184,oferting,2017-09-07 00:00:00.000000
preactivated,c5204a3220f6fe94f7e013d17495488a,oferting,2017-09-07 00:00:00.000000
frequent openers,d87f826e5e4c3d5c76e072df54ec22e4,oferting,2017-09-07 00:00:00.000000
frequent openers,a25f53410d0ae7964a97a9656f77baee,oferting,2017-09-07 00:00:00.000000
clickers,f28702fb13607d991fd9a39b5699d786,oferting,2017-09-07 00:00:00.000000
clickers,cac31ee7291c9af1d08e9d4d48d810a6,oferting,2017-09-07 00:00:00.000000
clickers,16e3b3c1784890a97af35c86516ec5b9,oferting,2017-09-07 00:00:00.000000
new,e8b27cd66b89b82016e98a0f1f642395,oferting,2017-09-07 00:00:00.000000
frequent openers,ecba5de1acc9a7eead368974db20f273,oferting,2017-09-07 00:00:00.000000
clickers,e782ca119620d706483cd65236957409,oferting,2017-09-07 00:00:00.000000
new,7a4ca72b73fe2f35b46fbe9d3da2f4af,oferting,2017-09-07 00:00:00.000000
frequent openers,577551081abe25d09afa3857d6029a9d,oferting,2017-09-07 00:00:00.000000
frequent openers,7d1ceb1f395ebbab9213ef5fed5632d3,oferting,2017-09-07 00:00:00.000000
frequent openers,6b1304228e369d45246988e3fab7759f,oferting,2017-09-07 00:00:00.000000
halfslept,78dfdc8601bd0f8191bd5f077780b852,oferting,2017-09-07 00:00:00.000000
stranger,165bda4a0685644086a2623807dbb906,oferting,2017-09-07 00:00:00.000000
frequent openers,59292a26b00cb1564107b9e0f3df3b3e,oferting,2017-09-07 00:00:00.000000
preactivated,c5072b0ae6003a5f3dd1de0063c9ba0f,oferting,2017-09-07 00:00:00.000000
frequent openers,cad0d9ae564a0bcbb2b40c339496924c,oferting,2017-09-07 00:00:00.000000
total inactive,0a28a221dc5786ad8b4a754cda5fadc3,oferting,2017-09-07 00:00:00.000000
preactivated,b09448c0dc98547718f4288dc7ff30c3,oferting,2017-09-07 00:00:00.000000
halfslept,93ebf858b181cb151a799105aed70bde,oferting,2017-09-07 00:00:00.000000
new,15a4c6c9474a572cbc26ce8d421120e2,oferting,2017-09-07 00:00:00.000000
frequent openers,4523c1b794b0e59cde5842695d3ae823,oferting,2017-09-07 00:00:00.000000
new,5541a034bb9ced817d01ada087df999d,oferting,2017-09-07 00:00:00.000000
frequent openers,ccd6cc6a09b14016d89583cdf4b6ddf2,oferting,2017-09-07 00:00:00.000000
clickers,a260cbb5278fadc3cfab584b99f32996,oferting,2017-09-07 00:00:00.000000
new,a318f2235e683f25a8b87b758f1030c5,oferting,2017-09-07 00:00:00.000000
halfslept,ce0ba32e2fcaf73b2f31d8c32f365b0b,oferting,2017-09-07 00:00:00.000000
preactivated,0281d31b9b2e73c46ba9489ff08b00ba,oferting,2017-09-07 00:00:00.000000
clickers,5dd30102e9247db0079348a70214fe0a,oferting,2017-09-07 00:00:00.000000
new,387022ee50f0b8c07d33b0c8dbae68a9,oferting,2017-09-07 00:00:00.000000
new,d379b76751b7fe08201d5a0b7c968235,oferting,2017-09-07 00:00:00.000000
aop,9119b73d876f9da193ad03b62d5d6a0c,oferting,2017-09-07 00:00:00.000000
preactivated,ff00b4a6acd8ce65975d858b8d20cc7e,oferting,2017-09-07 00:00:00.000000
frequent openers,89b4e5289a20ff2c8d44ee7c6b520146,oferting,2017-09-07 00:00:00.000000
frequent openers,509641dbb63093f43a4531acdbffbbc9,oferting,2017-09-07 00:00:00.000000
preactivated,57f50194681e4f262e473650708972b2,oferting,2017-09-07 00:00:00.000000
frequent openers,9f03eee3cc2dfa08edca7dfcb11e920e,oferting,2017-09-07 00:00:00.000000
new,cca9dec3d2d5b7b92ae6d29840e43d96,oferting,2017-09-07 00:00:00.000000
aop,038f9e50ce89a8921c16f5f91ca336d1,oferting,2017-09-07 00:00:00.000000
awaken,050e2b0903eec3399282fde2aa7c2b0b,oferting,2017-09-07 00:00:00.000000
stranger,25fcc04d63de833cbca444bc5c23d8df,oferting,2017-09-07 00:00:00.000000
frequent openers,7f9c50bafb591187497e64d375f610b0,oferting,2017-09-07 00:00:00.000000
preactivated,8da9e87a7b779345171df2530ccfc33f,oferting,2017-09-07 00:00:00.000000
frequent openers,e5a42bb7312ee6039389895edfa65503,oferting,2017-09-07 00:00:00.000000
frequent openers,581ee7de7cfab317c950ac5f35be5422,oferting,2017-09-07 00:00:00.000000
total inactive,f35f193ee4d069e9817e0eb6d19f4977,oferting,2017-09-07 00:00:00.000000
new,42ae4d5d720028b629815348752c0613,oferting,2017-09-07 00:00:00.000000
stranger,9e88e60f00d3164209de2266df9ce662,oferting,2017-09-07 00:00:00.000000
frequent openers,de3f8db09e879927bf1864845aa38a5d,oferting,2017-09-07 00:00:00.000000
preactivated,b02fe6e78b921a22b126541939e2405c,oferting,2017-09-07 00:00:00.000000
halfslept,45c66a690364645307221b56d208d72b,oferting,2017-09-07 00:00:00.000000
frequent openers,33daa7caceda50ae44bf97a8ca9290d4,oferting,2017-09-07 00:00:00.000000
new,4c5dc46349c8e1709ee118851ee88e7a,oferting,2017-09-07 00:00:00.000000
clickers,5de95037a4a85ba25c195476ff20ab2a,oferting,2017-09-07 00:00:00.000000
new,40fb717fe6374c3a19ed6c23a361074e,oferting,2017-09-07 00:00:00.000000
frequent openers,26a96902fac68b99c45ce9dd30e48c5b,oferting,2017-09-07 00:00:00.000000
new,28ee946718d3af0e0c9e5815e04803d2,oferting,2017-09-07 00:00:00.000000
new,be9b9f55336f50fe49523ccf87826632,oferting,2017-09-07 00:00:00.000000
new,2bc5aee314de185f94493bea431d744d,oferting,2017-09-07 00:00:00.000000
frequent openers,04745f2723167542498bb28b17b5d9c2,oferting,2017-09-07 00:00:00.000000
clickers,a13efa97127d40f0b26868c5fbbb8e8d,oferting,2017-09-07 00:00:00.000000
halfslept,21f17f07d79dbd4717debc0beee73f92,oferting,2017-09-07 00:00:00.000000
new,a07ab8ab0a06f3f9228ab90b30ed13ea,oferting,2017-09-07 00:00:00.000000
new,3b5ded23b283b33f3253ab857ecbb2f1,oferting,2017-09-07 00:00:00.000000
awaken,6156b48b4f5a1ff5335883430838a53c,oferting,2017-09-07 00:00:00.000000
frequent openers,7ea64a5bfc8800aa246da0159e7d3b92,oferting,2017-09-07 00:00:00.000000
clickers,d9e267842daa97d0eb3cb2ee58e401cc,oferting,2017-09-07 00:00:00.000000
stranger,1dfdc6dfc11e105f858530f2f7ed98bb,oferting,2017-09-07 00:00:00.000000
new,63dbe53d7d0b5189c6a3282223d3eb4d,oferting,2017-09-07 00:00:00.000000
preactivated,b184e298dd8d02753b02a0e44ea4c75a,oferting,2017-09-07 00:00:00.000000
halfslept,e1543ad0825fa97bbce88e1a68d65a56,oferting,2017-09-07 00:00:00.000000
clickers,c9c8409b9954625a1a689573cc4dda1a,oferting,2017-09-07 00:00:00.000000
frequent openers,839bfb740b6d827e8361820dbaad9b2e,oferting,2017-09-07 00:00:00.000000
frequent openers,f945c04685572cfc283ddd02761e7a7d,oferting,2017-09-07 00:00:00.000000
new,c45f3876849852997befcf59cf61d52a,oferting,2017-09-07 00:00:00.000000
frequent openers,682fa243813abb66b0e5196e6207e980,oferting,2017-09-07 00:00:00.000000
halfslept,05a18de287ea0bc3a44cb0e3101e8c28,oferting,2017-09-07 00:00:00.000000
new,be521f217a195596c121d26a5075c950,oferting,2017-09-07 00:00:00.000000
new,00499495bad6fd98d6b84f09bb9cacb8,oferting,2017-09-07 00:00:00.000000
clickers,55d8c4815785a8ac94aa09788b4d703f,oferting,2017-09-07 00:00:00.000000
frequent openers,98d533a5ea30dd072d6425799a8b1845,oferting,2017-09-07 00:00:00.000000
clickers,996b6633bf8df9320907ea8c261b1043,oferting,2017-09-07 00:00:00.000000
frequent openers,c007a832eca954a74ba8f5dd4f56699b,oferting,2017-09-07 00:00:00.000000
preactivated,83be6e4125fb34bcf1cad2fefc475618,oferting,2017-09-07 00:00:00.000000
new,9854029a50a10a151e67e6a1eeaa6a7d,oferting,2017-09-07 00:00:00.000000
stranger,c6d2d77876a686496bdb55e89f94f2f6,oferting,2017-09-07 00:00:00.000000
new,14c115cae0eb04bdea5ef5c12e147d31,oferting,2017-09-07 00:00:00.000000
total inactive,b360cb4dfed09bab54f9f7bfcdf16a31,oferting,2017-09-07 00:00:00.000000
stranger,a20934db19f872fbc5f2fb599747a231,oferting,2017-09-07 00:00:00.000000
stranger,0c21ec370ca040871215f1688df306c2,oferting,2017-09-07 00:00:00.000000
preactivated,7804e4fd93233831ed924ac4309ae3c6,oferting,2017-09-07 00:00:00.000000
clickers,14e7827ff3ab2aa2d6835a19f25710bd,oferting,2017-09-07 00:00:00.000000
new,b5fd4d53f4bbeb502a2e31a3d4541abf,oferting,2017-09-07 00:00:00.000000
stranger,cad4436abc02f60ba03cf596fc841d83,oferting,2017-09-07 00:00:00.000000
new,935db02d6b580656097eb73d926c1f55,oferting,2017-09-07 00:00:00.000000
new,7f067a8c4c7b819249e1f4204cd98ddb,oferting,2017-09-07 00:00:00.000000
frequent openers,69d654e92b34bf7f666fd9d15bd6ebac,oferting,2017-09-07 00:00:00.000000
frequent openers,658b28038496c7ee2d21736220fd018a,oferting,2017-09-07 00:00:00.000000
frequent openers,684db62d4ac38744aea23322a982dc82,oferting,2017-09-07 00:00:00.000000
awaken,fb8eca78bf9916c40f288abff561b74a,oferting,2017-09-07 00:00:00.000000
frequent openers,091c251311d88eb0ee2740f1b8b12906,oferting,2017-09-07 00:00:00.000000
frequent openers,6ff89c231fa925831b909f157d25eefc,oferting,2017-09-07 00:00:00.000000
new,ff7f798d7d515b83e9d140201f12e81e,oferting,2017-09-07 00:00:00.000000
total inactive,038b1c13433162bce3b8ed4595697ac7,oferting,2017-09-07 00:00:00.000000
new,73af4b1b041d8a102ea2d0b017fbc3ab,oferting,2017-09-07 00:00:00.000000
frequent openers,5e6ff99460121d4881b6839b56b22a74,oferting,2017-09-07 00:00:00.000000
stranger,7841b34cef5d776a43c7982ade11dc1d,oferting,2017-09-07 00:00:00.000000
frequent openers,9eb64dac89e64e3939946a06eeb2adfe,oferting,2017-09-07 00:00:00.000000
new,6eb9402a008ca9df83fbab9dade9c44e,oferting,2017-09-07 00:00:00.000000
halfslept,64c257b7dc9e192002e495d07f022902,oferting,2017-09-07 00:00:00.000000
frequent openers,65782a273fe74a7d50ae9742b23335a8,oferting,2017-09-07 00:00:00.000000
halfslept,914042569250320554b26b1144e2f687,oferting,2017-09-07 00:00:00.000000
clickers,a76fba503a61c5fe50741aa5aaecd18e,oferting,2017-09-07 00:00:00.000000
frequent openers,169ae01e5db061d2b1fcbf6ad43b518d,oferting,2017-09-07 00:00:00.000000
preactivated,9af59f94429388e9fe804b00434d1afb,oferting,2017-09-07 00:00:00.000000
new,f12d8a5de9838b11ed3cea8a3fc6b684,oferting,2017-09-07 00:00:00.000000
frequent openers,9e924ebbe5bfcc9c587fc328dd1560db,oferting,2017-09-07 00:00:00.000000
frequent openers,09f3b8409c57f1b9041a64a2ba5d1472,oferting,2017-09-07 00:00:00.000000
new,558b3ad48b1ea03914512b38ef034352,oferting,2017-09-07 00:00:00.000000
frequent openers,39ed9619327859fee6c75287225d42a2,oferting,2017-09-07 00:00:00.000000
frequent openers,563341dea7e03e6f5a885ecfcc14ed3f,oferting,2017-09-07 00:00:00.000000
frequent openers,c8140c0ceb4857037849588031dd4f63,oferting,2017-09-07 00:00:00.000000
new,5afeffdef25757eee0d305890580b1dd,oferting,2017-09-07 00:00:00.000000
preactivated,c07d686604a7b1e0e878b06edf4ea13f,oferting,2017-09-07 00:00:00.000000
new,53c9fe80ed02ccd91bace77c6b09100c,oferting,2017-09-07 00:00:00.000000
frequent openers,45ed7102496d1f7b4f1691edf875daba,oferting,2017-09-07 00:00:00.000000
stranger,7adc0d3bd980f216e0f78d2a605b3b2b,clicplan,2017-09-07 00:00:00.000000
halfslept,5fab9afb225f122d937adf074be39269,clicplan,2017-09-07 00:00:00.000000
new,716bab83abc9e8499c60069388be2987,clicplan,2017-09-07 00:00:00.000000
new,69bbc147a16fa8064ad4b9d9fb3ea52a,clicplan,2017-09-07 00:00:00.000000
new,0080c8d8430bb8b5389207a58e164131,clicplan,2017-09-07 00:00:00.000000
reactivated,fd691ed5d656c74e48492ba25b5e763e,clicplan,2017-09-07 00:00:00.000000
frequent openers,74e4bdffd7b3dd4abff588f910f53395,clicplan,2017-09-07 00:00:00.000000
new,bbf2903fdc85a14f506a49692bd58166,clicplan,2017-09-07 00:00:00.000000
preactivated,0b0540dc9347a52f8b351b012d7ea4e3,clicplan,2017-09-07 00:00:00.000000
stranger,bdb8a2d0e01dc0d58066d1433d8b2ade,clicplan,2017-09-07 00:00:00.000000
aop,b35c7aa40ff43236375e5c7d155e18bd,clicplan,2017-09-07 00:00:00.000000
frequent openers,47773e977d3e334f2dff2c660a2da3a5,clicplan,2017-09-07 00:00:00.000000
new,aaa14ba91734e5d8fdf1e2c42c239483,clicplan,2017-09-07 00:00:00.000000
total inactive,9f8d4ab76426a85138c63411d18ced34,clicplan,2017-09-07 00:00:00.000000
frequent openers,2e86ece14d8832029c1f6996f6c7b9cd,clicplan,2017-09-07 00:00:00.000000
total inactive,facfe651b397538af563b3aed1c04ba3,clicplan,2017-09-07 00:00:00.000000
clickers,19b4489da3a00c1b4e82f21507aae43d,clicplan,2017-09-07 00:00:00.000000
frequent openers,61e80df935a7a50562169259553ee696,clicplan,2017-09-07 00:00:00.000000
aop,82111141dc3c3975f52cc20a642bad91,clicplan,2017-09-07 00:00:00.000000
reactivated,e46d991c40e1141eb7ac3f3c1635f06c,clicplan,2017-09-07 00:00:00.000000
frequent openers,9a62a24350f466ef8193ac7257a41c34,clicplan,2017-09-07 00:00:00.000000
clickers,b8e1aade924cdadd4208bc4ce801d882,clicplan,2017-09-07 00:00:00.000000
frequent openers,5494b4f0c66d7cb1791cbb636ffa607b,clicplan,2017-09-07 00:00:00.000000
new,e34d6b1ba6ff918e2cee7b2cc2def3b1,clicplan,2017-09-07 00:00:00.000000
clickers,6f5303d0fcf9a06c75a99a5fa0483de4,clicplan,2017-09-07 00:00:00.000000
preactivated,2e7e60e8ee19c9dd1db6451161676301,clicplan,2017-09-07 00:00:00.000000
clickers,0dce7aa3c9cbbf016f45ed911d9ac8a9,clicplan,2017-09-07 00:00:00.000000
new,67c662a2040eef80b1c2d80527489320,clicplan,2017-09-07 00:00:00.000000
frequent openers,694fc705ca7e36e91eb0ff61e78d567e,clicplan,2017-09-07 00:00:00.000000
frequent openers,50b9c38860065aeb8a37e478ad15e5b3,clicplan,2017-09-07 00:00:00.000000
frequent openers,569a26af602b4d0fe7485dc6614175e8,clicplan,2017-09-07 00:00:00.000000
preactivated,d8e00454157f807822a9d7d4c824d483,clicplan,2017-09-07 00:00:00.000000
frequent openers,6e76ec697c84a3537f4bc25bfb4d5e71,clicplan,2017-09-07 00:00:00.000000
new,8f7d6fb26f08b01dd8b90b95f96f5b4a,clicplan,2017-09-07 00:00:00.000000
new,cf9cb3721d70a5e8be4e963cf17fb64f,clicplan,2017-09-07 00:00:00.000000
new,da95616d41cc5680a731ba47cc8c7e26,clicplan,2017-09-07 00:00:00.000000
frequent openers,11f7851bae5a23ae5f5cdcdbf1833664,clicplan,2017-09-07 00:00:00.000000
frequent openers,d08f94bffecb1b10ca98d1cd3d0aa36c,clicplan,2017-09-07 00:00:00.000000
total inactive,4edd8a9f9a10f49d8727d48acaac48e4,clicplan,2017-09-07 00:00:00.000000
slept,d27cae72f904eda6c909105939eafe1f,clicplan,2017-09-07 00:00:00.000000
stranger,4713b82cb339fb3bb56cad93666c2b2b,clicplan,2017-09-07 00:00:00.000000
new,e5f7f56456c69d9e7854d3701e30dc24,clicplan,2017-09-07 00:00:00.000000
new,f0899fd7058ed7c657afbf3fe268612e,clicplan,2017-09-07 00:00:00.000000
frequent openers,c37c576281135421176cb77f6636c097,clicplan,2017-09-07 00:00:00.000000
frequent openers,b8d95393cfc66e6d637bbbfa61debcbc,clicplan,2017-09-07 00:00:00.000000
frequent openers,0cd6c1184cca6ab5e4c1f01b37d86595,clicplan,2017-09-07 00:00:00.000000
frequent openers,b7e5a65137371ab4d7aae8706ce5a5ac,clicplan,2017-09-07 00:00:00.000000
frequent openers,1f09c26f11ba3cd620f5f9717f57824d,clicplan,2017-09-07 00:00:00.000000
new,685f1cc3ea4d358494367af4a586f7b7,clicplan,2017-09-07 00:00:00.000000
new,68d8049b7cd813775983bbda9a925de8,clicplan,2017-09-07 00:00:00.000000
new,fb01bfb8994479343903c02b9bba0212,clicplan,2017-09-07 00:00:00.000000
frequent openers,645b2c0e34c382e2c3958d598d4d22e7,clicplan,2017-09-07 00:00:00.000000
frequent openers,f0fc854fd45d8a6e8e39678308c806a1,clicplan,2017-09-07 00:00:00.000000
slept,5c8d56ff240c0be6d5eebdab271c2ee3,clicplan,2017-09-07 00:00:00.000000
frequent openers,083f837789485b2d24ed84a92a43b985,clicplan,2017-09-07 00:00:00.000000
stranger,1f59b039fd5e02e982ecb9672c01730c,clicplan,2017-09-07 00:00:00.000000
frequent openers,902f6464420a3086864f24f36bf99c9b,clicplan,2017-09-07 00:00:00.000000
new,239bd9fc65cc6514bd54264fc16b1400,clicplan,2017-09-07 00:00:00.000000
new,b77c3b966b7f09ad304d745b7043f15c,clicplan,2017-09-07 00:00:00.000000
halfslept,dd9787c88fee530c8ec4fdea417f345b,clicplan,2017-09-07 00:00:00.000000
total inactive,9548863aaad8b4f2d5d48e4bfd7a35cc,clicplan,2017-09-07 00:00:00.000000
frequent openers,6ee9c9e9924c5ca483ad80b1f58c7101,clicplan,2017-09-07 00:00:00.000000
preactivated,ad62b3d588c8aa321bd6fe3c43c1f418,clicplan,2017-09-07 00:00:00.000000
clickers,ee0996b8811c0d0e7d892dabba1fecde,clicplan,2017-09-07 00:00:00.000000
new,fd161d7a73db06bc8bead13bf3df1bfd,clicplan,2017-09-07 00:00:00.000000
new,b0d3bb13ff54849da74e9b62d1ea1e10,clicplan,2017-09-07 00:00:00.000000
frequent openers,cfb94f27ae0468bdf1c8010d9d803e85,clicplan,2017-09-07 00:00:00.000000
new,e47bc67b719728bf9fcf0db2d871596d,clicplan,2017-09-07 00:00:00.000000
frequent openers,8a6e8ddae11d6bbc46b2cda6039f73f6,clicplan,2017-09-07 00:00:00.000000
frequent openers,850b64dc90b10b83a10910681b34a7ea,clicplan,2017-09-07 00:00:00.000000
keepalive,e83ad674e5e32bd8295337439900d80f,clicplan,2017-09-07 00:00:00.000000
frequent openers,1efe4b4f15cf76c901a1623b6b5be3c4,clicplan,2017-09-07 00:00:00.000000
total inactive,f9aad8622f990e9718be69c3419534ed,clicplan,2017-09-07 00:00:00.000000
total inactive,89d6144dfebe569821c6811bb3fafa68,clicplan,2017-09-07 00:00:00.000000
slept,71f5985d803ed8dc718e4f6518dc15c1,clicplan,2017-09-07 00:00:00.000000
frequent openers,19e1315fec3baec6b5fdde4f199e806a,clicplan,2017-09-07 00:00:00.000000
new,6cc495e72613422e220532601b29f828,clicplan,2017-09-07 00:00:00.000000
new,80e462f6e32688aae120e4a6bfb8d15d,clicplan,2017-09-07 00:00:00.000000
aop,be9533949ca7e908dfb71ef21992f7bd,clicplan,2017-09-07 00:00:00.000000
reactivated,595ac9bf4a25e18a1d6595c0ead38291,clicplan,2017-09-07 00:00:00.000000
frequent openers,d7873382995d3ab9d2c1ada7bb1ebfbb,clicplan,2017-09-07 00:00:00.000000
aop,d5ecc8c9911b3c7ad90afe0881824597,clicplan,2017-09-07 00:00:00.000000
awaken,09a1b6e076bed234109054a73f28c615,clicplan,2017-09-07 00:00:00.000000
preactivated,ded5d18b873c87df98e88c7f92498330,clicplan,2017-09-07 00:00:00.000000
frequent openers,64406d74b3cadc0d7b83b8d4d6a2f98f,clicplan,2017-09-07 00:00:00.000000
frequent openers,5b632bb0af0d552085fa919867dfe75d,clicplan,2017-09-07 00:00:00.000000
frequent openers,13fd168b9a3e99cfca912a3b494a400e,clicplan,2017-09-07 00:00:00.000000
frequent openers,bc93815932f140cfacae1b9921f54ef8,clicplan,2017-09-07 00:00:00.000000
new,69d56e35b901f470ccec6cc87499a774,clicplan,2017-09-07 00:00:00.000000
new,0736c8352ff5e3a4c741eaaf04d321da,clicplan,2017-09-07 00:00:00.000000
frequent openers,1bd6c58cab7cbb9ca5e664f586c274a2,clicplan,2017-09-07 00:00:00.000000
clickers,eac48ff297b66a208292b0faee4fe543,clicplan,2017-09-07 00:00:00.000000
frequent openers,2eb7cce1c416c67a735b1c973f43259b,clicplan,2017-09-07 00:00:00.000000
frequent openers,b0e003ed6ed53070f4900aea5929ec46,clicplan,2017-09-07 00:00:00.000000
clickers,982e480c7aa50d1a753ec8adb021aa8a,clicplan,2017-09-07 00:00:00.000000
frequent openers,996754c3ba3ea695a678a786e53c8682,clicplan,2017-09-07 00:00:00.000000
stranger,b453bba8095787de23fb870858859178,clicplan,2017-09-07 00:00:00.000000
new,bb3360daa11923e2f8da10f567d88f5b,clicplan,2017-09-07 00:00:00.000000
frequent openers,6f3acf7264b29a27d3a28995ddef6e1e,clicplan,2017-09-07 00:00:00.000000
reactivated,156065f66096127397abddaadeb69a1b,clicplan,2017-09-07 00:00:00.000000
halfslept,b7ad0c35a4e0f30e671551ab61944e94,clicplan,2017-09-07 00:00:00.000000
preactivated,d77464ea52a7a47891c9942bbfc413d6,clicplan,2017-09-07 00:00:00.000000
frequent openers,5fa1c7cbb42a282c79e4b96021c2d069,clicplan,2017-09-07 00:00:00.000000
new,29c9e1e8a1b5af1f3ecf5f0941cb813c,clicplan,2017-09-07 00:00:00.000000
frequent openers,59cd2da28943912cb1755cd4adf1dfe1,clicplan,2017-09-07 00:00:00.000000
clickers,d294d809aad9ba624b4630947b3502aa,clicplan,2017-09-07 00:00:00.000000
total inactive,ba843c275514b33f7dce6f1f94a73729,clicplan,2017-09-07 00:00:00.000000
stranger,490d9a787ea31d4ff918a06678db1c39,clicplan,2017-09-07 00:00:00.000000
clickers,24232cc06bb0415452bb8f8bb4df03f6,clicplan,2017-09-07 00:00:00.000000
new,ef32af80c48c15772b7e6059fd526254,clicplan,2017-09-07 00:00:00.000000
frequent openers,c5297dc8e147f5823243e87a0b6916a2,clicplan,2017-09-07 00:00:00.000000
frequent openers,fc9e04244dcf3966ff0923718248adcb,clicplan,2017-09-07 00:00:00.000000
slept,ac97d4592049dbf02f47e9b7f7ea25bd,clicplan,2017-09-07 00:00:00.000000
new,6d854bbbfa3a1de968c080aec380cd65,clicplan,2017-09-07 00:00:00.000000
new,c3a8b8d8e0f8b7fa9728caf3ab7d3ccc,clicplan,2017-09-07 00:00:00.000000
halfslept,3f54f3fb87d384aebb1882a87a0881f2,clicplan,2017-09-07 00:00:00.000000
new,866fd94cabf0e0d19c4ea221a1806950,clicplan,2017-09-07 00:00:00.000000
frequent openers,37cb5a42d933026f9527c749f4616e88,clicplan,2017-09-07 00:00:00.000000
frequent openers,4af987acb8a0b512fbe4d04dbfdb8f79,clicplan,2017-09-07 00:00:00.000000
clickers,e1a7641b415e6cda52032819960ace44,clicplan,2017-09-07 00:00:00.000000
new,8b3fea82828e44344ce5f82676177d5a,clicplan,2017-09-07 00:00:00.000000
frequent openers,425ad8f1f41f0e71955882e9c66fcbfc,clicplan,2017-09-07 00:00:00.000000
new,b117dafa9ddc14857fac363ca04a28c0,clicplan,2017-09-07 00:00:00.000000
frequent openers,90f4342ff6b74fc4173c59af279f0422,clicplan,2017-09-07 00:00:00.000000
new,ffe19de89a41018628119c7cd3dfee23,clicplan,2017-09-07 00:00:00.000000
total inactive,37a5a878558b94e7a62e9e7e0f046e52,clicplan,2017-09-07 00:00:00.000000
frequent openers,cd65160dbb964f8a6b890b57759c11e6,clicplan,2017-09-07 00:00:00.000000
frequent openers,4eb3fd9cdf0b6905b9b5702f28eb0ba9,clicplan,2017-09-07 00:00:00.000000
new,3151bda7d575dc24bcf0d0744889722e,clicplan,2017-09-07 00:00:00.000000
preactivated,f9b8c809ea375689f0ce97eef902d0bf,clicplan,2017-09-07 00:00:00.000000
halfslept,a27d36ad8787c64817093d8404c91783,clicplan,2017-09-07 00:00:00.000000
keepalive,a67755f8d1c7cb7da2222dc8a28d68b5,clicplan,2017-09-07 00:00:00.000000
halfslept,f3eec5c3c201865470849ae62d322dc2,clicplan,2017-09-07 00:00:00.000000
total inactive,acb3d7d93eb7ff054657f2e72eaaaf1a,clicplan,2017-09-07 00:00:00.000000
keepalive,7f01a5ff8e271bd4b1e14f8ace7378fa,clicplan,2017-09-07 00:00:00.000000
new,fa4d26e2dfc83ebcc54e555ecb988ce7,clicplan,2017-09-07 00:00:00.000000
total inactive,bb6cbc7dfd04534d1ff59f9eb47fe4a3,clicplan,2017-09-07 00:00:00.000000
frequent openers,dffc2dc0923432faf957dab006f52688,clicplan,2017-09-07 00:00:00.000000
new,dba0f937afc08a4a6dcb5409aaff0e6a,clicplan,2017-09-07 00:00:00.000000
frequent openers,f22f9673f6c36ae011ab159492c34dfc,clicplan,2017-09-07 00:00:00.000000
halfslept,4a2e8e3220ef6b34729e51e544782445,clicplan,2017-09-07 00:00:00.000000
clickers,dd267920c85600398dbc61decf9c4fdf,clicplan,2017-09-07 00:00:00.000000
frequent openers,048b0e5da91d9e88a20ed088884caafc,clicplan,2017-09-07 00:00:00.000000
new,d70b09c96fa3268d31adc130dbd53105,clicplan,2017-09-07 00:00:00.000000
new,760e2e99b9d615389c4281493c47b759,clicplan,2017-09-07 00:00:00.000000
new,076cd8bae4cc2a960b66bf7c3a83cf00,clicplan,2017-09-07 00:00:00.000000
new,96f8a9b798fa3e7d39f6f3ba74e7cf86,clicplan,2017-09-07 00:00:00.000000
new,2f001b138210e428101e610647b31f49,clicplan,2017-09-07 00:00:00.000000
preactivated,9f046ee1c9e2d545e25715b8fe0db93a,clicplan,2017-09-07 00:00:00.000000
frequent openers,af7bd37fa22d2a7b9fe35c24a98b019a,clicplan,2017-09-07 00:00:00.000000
frequent openers,7657d3dd5314a6ca8ae5a97f66b6db75,clicplan,2017-09-07 00:00:00.000000
new,c374adfc8c6df76b1ca127d05fab8cc7,clicplan,2017-09-07 00:00:00.000000
new,5a0f7b993e56255b2272cd5341dc7260,clicplan,2017-09-07 00:00:00.000000
frequent openers,55fa1bb00463383cd8483a20bbdd8f2b,clicplan,2017-09-07 00:00:00.000000
halfslept,ca7cb78f6cd0e194c521110b2074a9b7,clicplan,2017-09-07 00:00:00.000000
total inactive,c142d4b88779767474d2c15064eb1ee0,clicplan,2017-09-07 00:00:00.000000
new,35ec84b25ac3eed6a479cead9a63aab1,clicplan,2017-09-07 00:00:00.000000
clickers,2b95abcbf74ac47791a0c8af56ccdd3f,clicplan,2017-09-07 00:00:00.000000
new,de94589a432ab2f5378e8ad0eaa1c30c,clicplan,2017-09-07 00:00:00.000000
awaken,96e93c52b71fa416cd5731a9a62fa9c6,clicplan,2017-09-07 00:00:00.000000
halfslept,8948bb419553361fe88ae948b4b746aa,clicplan,2017-09-07 00:00:00.000000
frequent openers,3357e6c0a61727148f6b4255b48abf9b,clicplan,2017-09-07 00:00:00.000000
stranger,49cf750372e28e69d48dff501898caa9,clicplan,2017-09-07 00:00:00.000000
new,c5cfe10b922de6c0632bd69531caa7b1,clicplan,2017-09-07 00:00:00.000000
frequent openers,d6821203272ce0a58faf8b21619de15c,clicplan,2017-09-07 00:00:00.000000
frequent openers,504d8c36a8db49555845c3df307b0763,clicplan,2017-09-07 00:00:00.000000
frequent openers,01d989664b171ab7ac60979e7a32c182,clicplan,2017-09-07 00:00:00.000000
new,78260584bada0a278f845f978de1b884,clicplan,2017-09-07 00:00:00.000000
frequent openers,cf2a183233c2dceac197b33e8f07b299,clicplan,2017-09-07 00:00:00.000000
frequent openers,9d9cdff300b8aa6cedcd00ff08f03a2e,clicplan,2017-09-07 00:00:00.000000
new,8e8a068f9066df7beec0035a8310b3e3,clicplan,2017-09-07 00:00:00.000000
frequent openers,a849252b4d70503624d721ecca27f9b3,clicplan,2017-09-07 00:00:00.000000
frequent openers,5566fc393c7f13a340c0ea767dcc3612,clicplan,2017-09-07 00:00:00.000000
clickers,1b0dedfe16edb72ba53c6fa623dc497f,clicplan,2017-09-07 00:00:00.000000
total inactive,6044dae03a74e576be9740a4937e593d,clicplan,2017-09-07 00:00:00.000000
new,aab243fd1d5c678a28247ea0f8a2ac5e,clicplan,2017-09-07 00:00:00.000000
new,3e34086f2d06fc6c3f70be3a99d4ad06,clicplan,2017-09-07 00:00:00.000000
clickers,16fc225f3664a2f6b8d4aa0c9f7cd97b,clicplan,2017-09-07 00:00:00.000000
frequent openers,967a5015321ee821f5d5b4b4ecc5924f,clicplan,2017-09-07 00:00:00.000000
stranger,d37e407992aca11d22f309905fc3440f,clicplan,2017-09-07 00:00:00.000000
preactivated,ba30188f7f65a0a1abfdbf1ed9314004,clicplan,2017-09-07 00:00:00.000000
frequent openers,6d0295a87a6a1e836abb9da7c1e57554,clicplan,2017-09-07 00:00:00.000000
frequent openers,6d026de11f4bcf95a928e8a1739ea3b9,clicplan,2017-09-07 00:00:00.000000
preactivated,c64c49154e98cfcbad10b79734c149b5,clicplan,2017-09-07 00:00:00.000000
reactivated,3e84ebdf6751f1fdf81b85a6d6f82dc1,clicplan,2017-09-07 00:00:00.000000
new,a5363fdaaef278b9abf754623a654bf5,clicplan,2017-09-07 00:00:00.000000
halfslept,55bc6a194021c9d6571a653cb9511d23,clicplan,2017-09-07 00:00:00.000000
total inactive,ec6b103fd7d543459adaa0ff77e8d5c5,clicplan,2017-09-07 00:00:00.000000
clickers,742be137c883ad6f5f041e8151dd9099,clicplan,2017-09-07 00:00:00.000000
frequent openers,03dbfbd8280bacf75150f91493c883ab,clicplan,2017-09-07 00:00:00.000000
stranger,925bb930768606322059a155e15ebb1d,clicplan,2017-09-07 00:00:00.000000
reactivated,a5c9e3764d18a2bebc488ffd29c31afb,clicplan,2017-09-07 00:00:00.000000
frequent openers,0fa9cdc2eecf003da591ee2904f87ce4,clicplan,2017-09-07 00:00:00.000000
frequent openers,11f3bc871081d7f3d6bf47c088eb5c7a,clicplan,2017-09-07 00:00:00.000000
clickers,1338718f190a68ea4a6b0aac8c1903d3,clicplan,2017-09-07 00:00:00.000000
new,f37911030418aaea0fe54487d929053a,clicplan,2017-09-07 00:00:00.000000
preactivated,2cf047287cfdea46bd8228d742beb35e,clicplan,2017-09-07 00:00:00.000000
frequent openers,a74db8a6e98ce7a7f1fb7cd490e35933,clicplan,2017-09-07 00:00:00.000000
slept,20f5855e7758b7152956a5fd149f2968,clicplan,2017-09-07 00:00:00.000000
stranger,5bea645c5b08b4bda21292902eec011b,clicplan,2017-09-07 00:00:00.000000
new,5500c98732a163f5d8fb0924358eae4b,clicplan,2017-09-07 00:00:00.000000
frequent openers,f7f2282bc8ceeacd54d1002340aa289d,clicplan,2017-09-07 00:00:00.000000
frequent openers,e451910452c58a3152a91b89c53442c6,clicplan,2017-09-07 00:00:00.000000
total inactive,52e0ae068fcdc0373e2d348de4782d57,clicplan,2017-09-07 00:00:00.000000
awaken,3de123d3187ab239154b49ab075f5768,clicplan,2017-09-07 00:00:00.000000
new,60f4fbacdb31dd8474fe2b09577b2985,clicplan,2017-09-07 00:00:00.000000
keepalive,6d7dfdb37bfd13ab70d481db445fbe88,clicplan,2017-09-07 00:00:00.000000
halfslept,add3dd4214cfda4797bf22230596c6c6,clicplan,2017-09-07 00:00:00.000000
new,b279d3859ac7b2b7aaa4536edfae1224,clicplan,2017-09-07 00:00:00.000000
new,29d819744d88e3c893137afe4b02a0fb,clicplan,2017-09-07 00:00:00.000000
clickers,379c21117b4fd4427ae472c415ea1658,clicplan,2017-09-07 00:00:00.000000
frequent openers,3127a74caf3b3248ed0eb2665698f507,clicplan,2017-09-07 00:00:00.000000
new,8c499683820733423f4e1271b04efdb0,clicplan,2017-09-07 00:00:00.000000
clickers,9660a78b634337d7b805b2aec02f26aa,clicplan,2017-09-07 00:00:00.000000
halfslept,a69ba9872b41528ce8fc209a5868f4fb,clicplan,2017-09-07 00:00:00.000000
new,43931de54bfe8e5ffa92d93c35b4a83b,clicplan,2017-09-07 00:00:00.000000
frequent openers,35f1ea80020802f40ae03531d98d6760,clicplan,2017-09-07 00:00:00.000000
keepalive,433ff0ee6f6cefc08231624b314023ca,clicplan,2017-09-07 00:00:00.000000
stranger,f440498a1c961b72eb6ea2396c5a67c1,clicplan,2017-09-07 00:00:00.000000
clickers,fa05cbc6c2340a1af85c287bfaee4131,clicplan,2017-09-07 00:00:00.000000
halfslept,2446a5767a5d1dbb373432f19b3edc88,clicplan,2017-09-07 00:00:00.000000
total inactive,df5698361ad69bbbb5c22941bdc006cb,clicplan,2017-09-07 00:00:00.000000
frequent openers,73d824116fe3919d13d788daa6f35c53,clicplan,2017-09-07 00:00:00.000000
frequent openers,4ea5bac64006fad5bf75b436aa186df6,clicplan,2017-09-07 00:00:00.000000
stranger,d4630e42dabbda00135fe2a6291ad0d8,clicplan,2017-09-07 00:00:00.000000
new,e665e2c5a49e22e18344a581ad9ac71c,clicplan,2017-09-07 00:00:00.000000
new,7a2f5187def7adaf2f8b50a3435df398,clicplan,2017-09-07 00:00:00.000000
new,3b6e00b33521740ebf0adbe18f384d82,clicplan,2017-09-07 00:00:00.000000
frequent openers,2762c90e4e369d2568c13cd0fae260e8,clicplan,2017-09-07 00:00:00.000000
frequent openers,f282aa0cd983ef0a984485103f098777,clicplan,2017-09-07 00:00:00.000000
frequent openers,933ab8dc932a3eb63db840ec95b31214,clicplan,2017-09-07 00:00:00.000000
new,cdf9e7cf38f5607aca7513cd310a4cd5,clicplan,2017-09-07 00:00:00.000000
frequent openers,f6cc81bfa70c86fad414660316863bdd,clicplan,2017-09-07 00:00:00.000000
clickers,b95e20af59ff13d078324b997c3a7fec,clicplan,2017-09-07 00:00:00.000000
total inactive,a2d44ca2e77ff8c501076fb20ff3f7a1,clicplan,2017-09-07 00:00:00.000000
frequent openers,8686d02fb5d0a8dbaeb998629ad14a0b,clicplan,2017-09-07 00:00:00.000000
new,0a7843d9ccbb4d1d4ebd579c712641c5,clicplan,2017-09-07 00:00:00.000000
frequent openers,ccf2b029e3805a88377289cdb26160ba,clicplan,2017-09-07 00:00:00.000000
frequent openers,cca0789478f63a9d6758b949acd5f113,clicplan,2017-09-07 00:00:00.000000
new,76b562937ffba0b753fe42835fc9a905,clicplan,2017-09-07 00:00:00.000000
frequent openers,c5445430abd9ec1c98ad71ab8d5a399c,clicplan,2017-09-07 00:00:00.000000
frequent openers,956d4be3dd4833053843374f0a516086,clicplan,2017-09-07 00:00:00.000000
halfslept,d7b40ee44b115d44614d62c0402dc43d,clicplan,2017-09-07 00:00:00.000000
frequent openers,ff4b9c9657954d352354d2ff76bbde8c,clicplan,2017-09-07 00:00:00.000000
halfslept,86e965427dcc846361e356828d6d1937,clicplan,2017-09-07 00:00:00.000000
clickers,454ae8f313f540bee53158270902315b,clicplan,2017-09-07 00:00:00.000000
clickers,79c17a0cb2b27b90d7b3837156d97848,clicplan,2017-09-07 00:00:00.000000
frequent openers,c0fb0363cdd9a4b6ecb2f2e2e6119d16,clicplan,2017-09-07 00:00:00.000000
frequent openers,d6908713dd4754f9436d9d6c66707079,clicplan,2017-09-07 00:00:00.000000
halfslept,18a2af545d83a87cdf85853f76e970d9,clicplan,2017-09-07 00:00:00.000000
new,097b28e7654b2722f5e2fa9a401d81ea,clicplan,2017-09-07 00:00:00.000000
new,438b1b63e5e44941e80773e645725336,clicplan,2017-09-07 00:00:00.000000
new,2ceca1a5fa60888c6a3a0ff59f0a6e31,clicplan,2017-09-07 00:00:00.000000
new,d86a300fa59421e949f6bb9cf5e82d6e,clicplan,2017-09-07 00:00:00.000000
reactivated,5800a9df504ffa15596dca4e43e1d14d,clicplan,2017-09-07 00:00:00.000000
frequent openers,30316e88e6f1dec40ecdc83d2d22a6d3,clicplan,2017-09-07 00:00:00.000000
new,dc5711adff09346c0278542347a86412,clicplan,2017-09-07 00:00:00.000000
slept,2d78256ec98bca55f4736fa4086b8737,clicplan,2017-09-07 00:00:00.000000
awaken,75fa7dcf586b96a93b44c43697125f4f,clicplan,2017-09-07 00:00:00.000000
frequent openers,a95768a93b1df4acfa4387fab5e858ea,clicplan,2017-09-07 00:00:00.000000
halfslept,75dbbdf344fbc87c1f17b75e309a2b3b,clicplan,2017-09-07 00:00:00.000000
frequent openers,16ba637e325f1bfc62fc14d3fb6fc6f6,clicplan,2017-09-07 00:00:00.000000
total inactive,6d19c59d4892009f477fe576e10ebbea,clicplan,2017-09-07 00:00:00.000000
new,db212e6d2adcb04990d317d26e9a7183,clicplan,2017-09-07 00:00:00.000000
frequent openers,e9bf2b2370358500c8c96f8ab572150d,clicplan,2017-09-07 00:00:00.000000
reactivated,1ff1a0df1544a6eb8a218c74b4992c93,clicplan,2017-09-07 00:00:00.000000
new,73275a90c5ca8af23aa0e26a91323500,clicplan,2017-09-07 00:00:00.000000
new,4826325fea347955dddb9a0900a8bcd5,clicplan,2017-09-07 00:00:00.000000
stranger,e1aa487bccdc74f22ca0bae7716bb012,clicplan,2017-09-07 00:00:00.000000
frequent openers,f59923d925e171b6363a1edfcce40569,clicplan,2017-09-07 00:00:00.000000
stranger,e4a92c8288ace1a8bdce8e2da887a699,couponandgo,2017-09-07 00:00:00.000000
stranger,236abfa339214a3a3dff80aee83a4415,couponandgo,2017-09-07 00:00:00.000000
clickers,5d919c07bf9a48260c561a92d746b2e9,couponandgo,2017-09-07 00:00:00.000000
frequent openers,7572a20ad9c24ae703be554b135d2dc4,couponandgo,2017-09-07 00:00:00.000000
preactivated,58a550ad3bc2e0e9dfd773b8a102fc37,couponandgo,2017-09-07 00:00:00.000000
clickers,84ce967175477f21d9a2e6b2d524315a,couponandgo,2017-09-07 00:00:00.000000
preactivated,494f9c7a59626362fec2dfcc22299949,couponandgo,2017-09-07 00:00:00.000000
frequent openers,edc18c4345cb2a60d917d703b2396704,couponandgo,2017-09-07 00:00:00.000000
frequent openers,5990eca67c7c112d61728c39375212e7,couponandgo,2017-09-07 00:00:00.000000
frequent openers,ca0345ed617fc2aa485176dab78d2012,couponandgo,2017-09-07 00:00:00.000000
frequent openers,19e8c81a8b5abd0813a5c54fc04fbcbc,couponandgo,2017-09-07 00:00:00.000000
halfslept,cb95d4ba78edc7b137ea140dd67fae88,couponandgo,2017-09-07 00:00:00.000000
preactivated,7492e41ad9faf00c56a215dc92ead41e,couponandgo,2017-09-07 00:00:00.000000
frequent openers,819dbb229c4546c4b3ecfdc9de4c4e52,couponandgo,2017-09-07 00:00:00.000000
halfslept,46c158e69a0032ead2cf81bb7a3cab3d,couponandgo,2017-09-07 00:00:00.000000
frequent openers,8310ec058568e7f331d597b309459d8d,couponandgo,2017-09-07 00:00:00.000000
frequent openers,184a02201bd3a39eb3b9483c243f25c7,couponandgo,2017-09-07 00:00:00.000000
frequent openers,daa17eafe44804c04087dcb81e1f6d6d,couponandgo,2017-09-07 00:00:00.000000
new,12f8bb0667e7d9a1fe3add73fcfbdc8c,couponandgo,2017-09-07 00:00:00.000000
clickers,ccda4b69a4f6af00f596f90c26961c2b,couponandgo,2017-09-07 00:00:00.000000
clickers,002491b733657e669d709b3e378e049b,couponandgo,2017-09-07 00:00:00.000000
stranger,ec8e9fc02e96d901ff023c8db3a00af6,couponandgo,2017-09-07 00:00:00.000000
frequent openers,e690a5472273dc2eb2a5fc6e0344ffd9,couponandgo,2017-09-07 00:00:00.000000
frequent openers,a573dbcc878b65e7e6318c040bab266b,couponandgo,2017-09-07 00:00:00.000000
frequent openers,1d98b1a2a057736decc0cd3129f8027c,couponandgo,2017-09-07 00:00:00.000000
frequent openers,3d79cb5b76796c393256e650e4a8495d,couponandgo,2017-09-07 00:00:00.000000
frequent openers,9c9d26f6dc409852bf329d2c9633dd90,couponandgo,2017-09-07 00:00:00.000000
slept,c82e687b7e915e3747dbd3e174b6c435,couponandgo,2017-09-07 00:00:00.000000
frequent openers,06bf42439821af60f32dc564d5224414,couponandgo,2017-09-07 00:00:00.000000
frequent openers,af7366bcd859f9b01d877d7e32dc83fa,couponandgo,2017-09-07 00:00:00.000000
stranger,585dc305892729c31c4da009da7e630a,couponandgo,2017-09-07 00:00:00.000000
new,127719f8429412c1628e92fe73dba3e2,couponandgo,2017-09-07 00:00:00.000000
frequent openers,d36494960ab572a2551b5fc1e06b5756,couponandgo,2017-09-07 00:00:00.000000
frequent openers,af8c4f65e7bf22797b648cc4e29f05b2,couponandgo,2017-09-07 00:00:00.000000
frequent openers,55d02701dbb2641669c6dee47272f792,couponandgo,2017-09-07 00:00:00.000000
frequent openers,f43b987de98822c3703f04c4cea70e6b,couponandgo,2017-09-07 00:00:00.000000
frequent openers,37028159df0d957db254b1ff3c7bbd53,couponandgo,2017-09-07 00:00:00.000000
halfslept,9a63f3f18b1845903b235367340d155d,couponandgo,2017-09-07 00:00:00.000000
stranger,6c842b3a9d079ff164f18ee90e4dda13,couponandgo,2017-09-07 00:00:00.000000
halfslept,618b4a76aeb3ae73dd4c509869079d77,couponandgo,2017-09-07 00:00:00.000000
stranger,51df5a277ab3a16a020d8c8d2b2c732d,couponandgo,2017-09-07 00:00:00.000000
frequent openers,7dad8a910829a13aa20d305783a4397f,couponandgo,2017-09-07 00:00:00.000000
new,74dfb64b2c2a3b5332d33071a24adef5,couponandgo,2017-09-07 00:00:00.000000
stranger,7f2c0806aa7287758bd98db3c5667fd6,couponandgo,2017-09-07 00:00:00.000000
frequent openers,1ed48939a771a33fc843bc9b581295ce,couponandgo,2017-09-07 00:00:00.000000
frequent openers,26cd86f8a9e934719fc840ec94d718a9,couponandgo,2017-09-07 00:00:00.000000
preactivated,c16d55b1628ecb19e106f63c3934c107,couponandgo,2017-09-07 00:00:00.000000
new,a8b28942a4716bb64a29cb0ff59b7ca3,couponandgo,2017-09-07 00:00:00.000000
new,3f2b7e686721a995ecb1b71e7f379315,couponandgo,2017-09-07 00:00:00.000000
halfslept,47fc32f7ac4cd778e36421a8743e2644,couponandgo,2017-09-07 00:00:00.000000
frequent openers,9e9657aa4207a5ad9ba3bf1fa66f7be8,couponandgo,2017-09-07 00:00:00.000000
frequent openers,b254675196f752342ecefba1e3229bce,couponandgo,2017-09-07 00:00:00.000000
preactivated,9f23be6a8c5e002482656dc3bb090f05,couponandgo,2017-09-07 00:00:00.000000
frequent openers,04774617b7f6e5dd88794d0278ea80fc,couponandgo,2017-09-07 00:00:00.000000
keepalive,4e2574b169b9662f6ced1e7b6d79e363,couponandgo,2017-09-07 00:00:00.000000
stranger,0b7d2ebf08fdc0d8a5fe69b74e3b45f6,couponandgo,2017-09-07 00:00:00.000000
frequent openers,a615f6549ae65f26d9e7edf453d48702,couponandgo,2017-09-07 00:00:00.000000
clickers,d22f4bf0f0c02e25656ee6016b465cdf,couponandgo,2017-09-07 00:00:00.000000
clickers,a5b142e8e08a03ab7749c231022e52eb,couponandgo,2017-09-07 00:00:00.000000
frequent openers,4f7e84c2c00176c6f4b6abcf5d209cfd,couponandgo,2017-09-07 00:00:00.000000
halfslept,4a9559d2bef90019b991b8f9cfbb3558,couponandgo,2017-09-07 00:00:00.000000
stranger,2f7fcd1c957a1cd6d4cbee0c983c30f2,couponandgo,2017-09-07 00:00:00.000000
frequent openers,385912913a857154fd9326ad7a47a722,couponandgo,2017-09-07 00:00:00.000000
frequent openers,6816247bff3a54f3903ee42d7355f2df,couponandgo,2017-09-07 00:00:00.000000
new,de53211194867c5a0ef25593a2aa79ed,couponandgo,2017-09-07 00:00:00.000000
stranger,94508052251cedf302e1dc4f771463ac,couponandgo,2017-09-07 00:00:00.000000
halfslept,6915284ba7d4fee0e9e7eb30b18ca030,couponandgo,2017-09-07 00:00:00.000000
frequent openers,519430d6c5c855fe78004040cd4a219c,couponandgo,2017-09-07 00:00:00.000000
frequent openers,9f372d33280a50da12b08df9ff97b963,couponandgo,2017-09-07 00:00:00.000000
frequent openers,32f7dff563c5bf1f2a4d56f8fe15aa89,couponandgo,2017-09-07 00:00:00.000000
frequent openers,eb58994d4e03213c95665ccb9a0fdfbc,couponandgo,2017-09-07 00:00:00.000000
frequent openers,6a7acddbbe6d00296f40069e182f9f3e,couponandgo,2017-09-07 00:00:00.000000
frequent openers,3e0efac7350336fdd4b191d9cfaad784,couponandgo,2017-09-07 00:00:00.000000
new,66455371f2b84f1f37b0f5366470ae35,couponandgo,2017-09-07 00:00:00.000000
new,3ba02d207c6f87ef31c95896bf628c36,couponandgo,2017-09-07 00:00:00.000000
preactivated,09d4c22fc12783a6454e73b878c5d854,couponandgo,2017-09-07 00:00:00.000000
frequent openers,81bd8c316e0efa7c18a210772458c1b4,couponandgo,2017-09-07 00:00:00.000000
preactivated,5f247cf7586f66037debd7a62dc41e61,couponandgo,2017-09-07 00:00:00.000000
frequent openers,7b28991825c7b132b15c8b156d89b4ed,couponandgo,2017-09-07 00:00:00.000000
frequent openers,3b4e0642417f4d3cc7f8213cb8d49d4c,couponandgo,2017-09-07 00:00:00.000000
frequent openers,c66cf42416bc193bee72e88b27d23aff,couponandgo,2017-09-07 00:00:00.000000
new,8fe35cb3ee6f283c1f9f09ac78c8f7c9,couponandgo,2017-09-07 00:00:00.000000
stranger,12769ac54aa21ea611d794881b2ba313,couponandgo,2017-09-07 00:00:00.000000
frequent openers,533ca589ec1f6473b4c8b6e093ea4540,couponandgo,2017-09-07 00:00:00.000000
clickers,3a994cd6c5b501424847b379f5c95041,couponandgo,2017-09-07 00:00:00.000000
frequent openers,973daa81aa7bea64aa0fedcaba21f96b,couponandgo,2017-09-07 00:00:00.000000
clickers,0ed3b3bd3fa47d954b08ef48f21629a4,couponandgo,2017-09-07 00:00:00.000000
frequent openers,647b0c2d587678b624d2237837d1fb9d,couponandgo,2017-09-07 00:00:00.000000
frequent openers,caaa3608e49dc92f47265f9d7c679453,couponandgo,2017-09-07 00:00:00.000000
clickers,3e8d903fc2f7ce4171c6ad864143d452,couponandgo,2017-09-07 00:00:00.000000
stranger,83f0ff419b7089352743734e85347307,couponandgo,2017-09-07 00:00:00.000000
stranger,59189bb0707fd2fd89670ca8c66c788d,couponandgo,2017-09-07 00:00:00.000000
stranger,a6aca3ad3f92b972cb4ef19370a3982d,couponandgo,2017-09-07 00:00:00.000000
clickers,1f22f09ae9658e155888436c8b7c8c64,couponandgo,2017-09-07 00:00:00.000000
preactivated,c3034a539c833c9fec4a1b48d45b9913,couponandgo,2017-09-07 00:00:00.000000
clickers,3f681c8a95b0283913d663e294630004,couponandgo,2017-09-07 00:00:00.000000
frequent openers,a60e6636879c004e0f1c9336ab37c58a,couponandgo,2017-09-07 00:00:00.000000
frequent openers,e203488c16dae35c9cdef4ed40d9b396,couponandgo,2017-09-07 00:00:00.000000
clickers,04984fb099060343f3a3adb19abcc509,couponandgo,2017-09-07 00:00:00.000000
stranger,40a52c81f0b63b0712dcb8bd39b565ec,couponandgo,2017-09-07 00:00:00.000000
stranger,0a8007cb3202349d5225f6d135df8c63,couponandgo,2017-09-07 00:00:00.000000
clickers,7c58b9e57267edaa02d70e65eb991013,couponandgo,2017-09-07 00:00:00.000000
frequent openers,aefeed333306d5776f885ee0a175270e,couponandgo,2017-09-07 00:00:00.000000
frequent openers,0792ed1b9d6788796c2b1a196b634c4f,couponandgo,2017-09-07 00:00:00.000000
stranger,5855ccc7d557d1d52c02b06c8e2e0ef5,couponandgo,2017-09-07 00:00:00.000000
halfslept,d599f3e596acc1739374e02a710aa4e8,couponandgo,2017-09-07 00:00:00.000000
stranger,bea32845e83b2ed7179d3d48d4a22420,couponandgo,2017-09-07 00:00:00.000000
clickers,ec05838c9a9471d06494c5ea0d8184f6,couponandgo,2017-09-07 00:00:00.000000
new,926fb19919ace82c5b8e2384260e7b20,couponandgo,2017-09-07 00:00:00.000000
frequent openers,de397589350eeb2c024a165a0c1f0f34,couponandgo,2017-09-07 00:00:00.000000
frequent openers,3a93ae72e3991114539348e0eda2ca29,couponandgo,2017-09-07 00:00:00.000000
halfslept,6b1fd12c0bdad568a9b64058cec43511,couponandgo,2017-09-07 00:00:00.000000
stranger,2747f1030711a519064206c3bd5133a5,couponandgo,2017-09-07 00:00:00.000000
halfslept,40388c67476f3ab028d257f8ad565b9e,couponandgo,2017-09-07 00:00:00.000000
frequent openers,68318df9db12c619af2dfe55c78907b8,couponandgo,2017-09-07 00:00:00.000000
preactivated,b1911ac177e5b00774fa9cef93a61933,couponandgo,2017-09-07 00:00:00.000000
frequent openers,27df95ae7e02a84bd57d6f1f4d8e92e4,couponandgo,2017-09-07 00:00:00.000000
halfslept,6a40ac838a37042b025dee6ee629c302,couponandgo,2017-09-07 00:00:00.000000
halfslept,73382d2dcbe950f22318136ce3939410,couponandgo,2017-09-07 00:00:00.000000
preactivated,0cefc0948795f28650370ec7a5c180e4,couponandgo,2017-09-07 00:00:00.000000
frequent openers,088a9c965965822c06759dd53e83773b,couponandgo,2017-09-07 00:00:00.000000
frequent openers,4f996753aa338839eb6b75f64a8d9cb2,couponandgo,2017-09-07 00:00:00.000000
frequent openers,a5ec21fb16de938c6b15429b063f4ae0,couponandgo,2017-09-07 00:00:00.000000
frequent openers,bd4377d50dc61916f30c19b6cd6b5318,couponandgo,2017-09-07 00:00:00.000000
preactivated,c10c9de9d4f4911f7642544f1f0b6dd9,couponandgo,2017-09-07 00:00:00.000000
clickers,7e496dcef34c08d493b7238d96e21261,couponandgo,2017-09-07 00:00:00.000000
frequent openers,3deba793815b4258c883fc2cf26a609d,couponandgo,2017-09-07 00:00:00.000000
stranger,a59fdf03f977d4bb4a41def271d20e1f,couponandgo,2017-09-07 00:00:00.000000
frequent openers,bab0c552b08836812728e3f73a22c481,couponandgo,2017-09-07 00:00:00.000000
frequent openers,47abf41b0eed517de7564ac042f8c114,couponandgo,2017-09-07 00:00:00.000000
clickers,91370c6e0910333edc584c29e35c5b65,couponandgo,2017-09-07 00:00:00.000000
frequent openers,812e1de14268c2194e1a8152b7638eda,couponandgo,2017-09-07 00:00:00.000000
stranger,41b25bc41f6926d650e78e5d76b3ece0,couponandgo,2017-09-07 00:00:00.000000
clickers,a8e1e0d0bfe85650133ea3b1fbdea64d,couponandgo,2017-09-07 00:00:00.000000
frequent openers,6a176f88ad314b5218ae5ac26f4267a9,couponandgo,2017-09-07 00:00:00.000000
halfslept,93113914e28d2fd06f01100a33a1a6f6,couponandgo,2017-09-07 00:00:00.000000
stranger,aa86b502113399a3a634537283e0a557,couponandgo,2017-09-07 00:00:00.000000
frequent openers,ae470c60045dc9f54d646579ec73776e,couponandgo,2017-09-07 00:00:00.000000
frequent openers,d5ab73b5a80d90dc43083889626ea611,couponandgo,2017-09-07 00:00:00.000000
frequent openers,fa388993e4d8366680b36241ac7b1107,couponandgo,2017-09-07 00:00:00.000000
frequent openers,5d691fb78026a1fc3010b367133eb072,couponandgo,2017-09-07 00:00:00.000000
keepalive,0ba8c9f34299f945453b2490b08c6397,couponandgo,2017-09-07 00:00:00.000000
new,be310a345a59dd25caea7e057b059667,couponandgo,2017-09-07 00:00:00.000000
stranger,6282ce1402cace83dbdc03f953c8eb65,couponandgo,2017-09-07 00:00:00.000000
frequent openers,9864ccd43131f9bc6b9963e860ba1d00,couponandgo,2017-09-07 00:00:00.000000
frequent openers,7df7d2b17cd8f1f486cbee7ec4b3eec4,couponandgo,2017-09-07 00:00:00.000000
frequent openers,ff62448db2985abe9c02e6e3e7919f84,couponandgo,2017-09-07 00:00:00.000000
frequent openers,f0dbd5b67d8b30ced75f4503afd9f7c8,couponandgo,2017-09-07 00:00:00.000000
frequent openers,c38a4dc58167689ae067a038cbd9cc8f,couponandgo,2017-09-07 00:00:00.000000
stranger,f7ee042cee98a1196955a7a7250e4e58,couponandgo,2017-09-07 00:00:00.000000
frequent openers,760b3834c4eeeda8258fb5923659299b,couponandgo,2017-09-07 00:00:00.000000
stranger,2e178622407c478475fb20a3f3113f3a,couponandgo,2017-09-07 00:00:00.000000
stranger,d2e6a995dca9af9cd672110bf6f3ecbe,couponandgo,2017-09-07 00:00:00.000000
stranger,269ccdb238898ca08b22e8b1b38c3736,couponandgo,2017-09-07 00:00:00.000000
halfslept,8f3a84ebc20a131b3bfc29d07fb581a8,couponandgo,2017-09-07 00:00:00.000000
frequent openers,421605018c6307b5c232899f78df5aa3,couponandgo,2017-09-07 00:00:00.000000
preactivated,67a838e6322abca088caafbb0164d693,couponandgo,2017-09-07 00:00:00.000000
frequent openers,bf07c26af4e551711c20ce21bffcd084,couponandgo,2017-09-07 00:00:00.000000
halfslept,b9f6900cd424cd1c2928d550d1188e0e,couponandgo,2017-09-07 00:00:00.000000
halfslept,9f3c3e9a7c5fb5fca3cc3082f9a55459,couponandgo,2017-09-07 00:00:00.000000
clickers,19d62c944e99287eda82fc4b775c2b7a,couponandgo,2017-09-07 00:00:00.000000
clickers,a5d8e72aab1f127be46c3a77244c3b98,couponandgo,2017-09-07 00:00:00.000000
stranger,cce9bf6fc79be4d6ecdb4467957b07c4,couponandgo,2017-09-07 00:00:00.000000
clickers,102f2c03a27eeb985b41f698e35be9fa,couponandgo,2017-09-07 00:00:00.000000
frequent openers,1fae2347c25388bc4c5f18a56a408cb5,couponandgo,2017-09-07 00:00:00.000000
frequent openers,d6a366421a15056c9fe5c60e4fbddf9c,couponandgo,2017-09-07 00:00:00.000000
clickers,01068d1115427b2dc89e50699bacba54,couponandgo,2017-09-07 00:00:00.000000
new,e8422e1d9dff64189907339c169db629,couponandgo,2017-09-07 00:00:00.000000
frequent openers,1ddfcec350bcbf342db1312a04b59fbe,couponandgo,2017-09-07 00:00:00.000000
preactivated,5dcc621fb9a4264361c07a34d31b325a,couponandgo,2017-09-07 00:00:00.000000
frequent openers,fbb1bb19360b1b2e5b2004f3bf0d23cc,couponandgo,2017-09-07 00:00:00.000000
clickers,f1b955c002f7a81f0f83f73546572b49,couponandgo,2017-09-07 00:00:00.000000
stranger,4e556902cca34f995346c8ac70c98c75,couponandgo,2017-09-07 00:00:00.000000
frequent openers,076c4513c240885c4b83fcae8e102a6d,couponandgo,2017-09-07 00:00:00.000000
stranger,cd721ec79e02cd8b5368086894d35faf,couponandgo,2017-09-07 00:00:00.000000
frequent openers,81aab73aac6d2d6e8e1d9fc039e7f6d1,couponandgo,2017-09-07 00:00:00.000000
frequent openers,9dfc681cd3781814478650607fe088d6,couponandgo,2017-09-07 00:00:00.000000
frequent openers,06790a824dffac89c103a33033cdc369,couponandgo,2017-09-07 00:00:00.000000
frequent openers,c09ac7599d95b717894d18fb12088ac6,couponandgo,2017-09-07 00:00:00.000000
clickers,3c3dd9da2781891944c22d893a5796f0,couponandgo,2017-09-07 00:00:00.000000
stranger,7db4f9a7dd219baab811405c949b6ea7,couponandgo,2017-09-07 00:00:00.000000
new,46206cc13f13d22b279c942226dd3682,couponandgo,2017-09-07 00:00:00.000000
frequent openers,8216c900937e7525862d65cddfcd3496,couponandgo,2017-09-07 00:00:00.000000
stranger,372c639c42148ec0121675b1bedd8336,couponandgo,2017-09-07 00:00:00.000000
preactivated,0fd2cc5e3a7fab81ed46c36728d13327,couponandgo,2017-09-07 00:00:00.000000
frequent openers,b97d61092a7c11a77b334ad2a3e741aa,couponandgo,2017-09-07 00:00:00.000000
clickers,f2ee90a4d537cbce0183e12df50433a4,couponandgo,2017-09-07 00:00:00.000000
stranger,5b1f972e2e14b04d96abe8dc09d71e75,couponandgo,2017-09-07 00:00:00.000000
clickers,a2345857e5d1d63754b44d69e16e3154,couponandgo,2017-09-07 00:00:00.000000
clickers,1f3a1c324dd937e02a1e4f6b681cc2a4,couponandgo,2017-09-07 00:00:00.000000
frequent openers,12eca9848ea919d4e95fdd9134b65397,couponandgo,2017-09-07 00:00:00.000000
frequent openers,bd8157e1278c378c5f52dc18fd6ef1df,couponandgo,2017-09-07 00:00:00.000000
frequent openers,4c79cf29b8b6c6e5bec61829c658ef01,couponandgo,2017-09-07 00:00:00.000000
stranger,ca6766e5a99cb95d5347851ebe0faa17,couponandgo,2017-09-07 00:00:00.000000
stranger,a04f5648df46a3340f2ac6df0fdc38f1,couponandgo,2017-09-07 00:00:00.000000
clickers,ca8c5279bb62120a7c0b1274b51ba6c6,couponandgo,2017-09-07 00:00:00.000000
stranger,01135ec8559da950b7519f5f7cf9e9ea,couponandgo,2017-09-07 00:00:00.000000
frequent openers,712594222ccb467bfb1f9609edc08eab,couponandgo,2017-09-07 00:00:00.000000
stranger,a9d66ca5d453436a54c8c5630ba08562,couponandgo,2017-09-07 00:00:00.000000
frequent openers,9928a7bf45ba569a2ea94cc26a804330,couponandgo,2017-09-07 00:00:00.000000
frequent openers,85bfce0c46d2b85f24d266c6e24a76bf,couponandgo,2017-09-07 00:00:00.000000
frequent openers,3dd3bab9d2168c3b649788cab3b1f74a,couponandgo,2017-09-07 00:00:00.000000
stranger,650ebc0ca7ac035649265aadf0096f9e,couponandgo,2017-09-07 00:00:00.000000
new,8e69d78a7dc4458f8e15daad3696d0c3,couponandgo,2017-09-07 00:00:00.000000
new,63e87a95c8b04619afb53457709a2984,couponandgo,2017-09-07 00:00:00.000000
frequent openers,d09f12152088474987e1ad1cb64c01b1,couponandgo,2017-09-07 00:00:00.000000
frequent openers,8f0d8783caaf0e30bb01289537627985,couponandgo,2017-09-07 00:00:00.000000
frequent openers,7e5e93a1950d6cb8d9fc4f19b80907ca,couponandgo,2017-09-07 00:00:00.000000
stranger,dd88d58fcfa076c76c661bbce2296c5c,couponandgo,2017-09-07 00:00:00.000000
new,1ebf8d7b222e0cbfe4d4d339bc9bb2c1,couponandgo,2017-09-07 00:00:00.000000
frequent openers,799f0a4db76ba619994ef9e0ced645a3,couponandgo,2017-09-07 00:00:00.000000
preactivated,65c4be9b4f3690a794d8f47cfef2f21a,couponandgo,2017-09-07 00:00:00.000000
new,1e331301b4be469a5a7de80b4dc0c9af,couponandgo,2017-09-07 00:00:00.000000
frequent openers,b43460c2735b56b0c43471eb10dc83dc,couponandgo,2017-09-07 00:00:00.000000
stranger,d8ef6e237ebfb03f75aaffb92261784c,couponandgo,2017-09-07 00:00:00.000000
clickers,52d413b9cc61f34c1b444f3647e32831,couponandgo,2017-09-07 00:00:00.000000
new,6b7b6c557de00d5ce84faf65fbe6aba1,couponandgo,2017-09-07 00:00:00.000000
preactivated,79427967f52a049fcdce00ee5b8e0f1c,couponandgo,2017-09-07 00:00:00.000000
frequent openers,e3968a1ba363a498796095f706aca7a0,couponandgo,2017-09-07 00:00:00.000000
frequent openers,740a6bb3765e25186b4396befc444806,couponandgo,2017-09-07 00:00:00.000000
new,3a12ca256aadeb4d5a3486f75e742715,couponandgo,2017-09-07 00:00:00.000000
frequent openers,6252fca1e8c11baf1601fd6111790f44,couponandgo,2017-09-07 00:00:00.000000
stranger,07e5c0b262688e79216c3f81864b70d1,couponandgo,2017-09-07 00:00:00.000000
keepalive,d0513b4146d4aa51b878a99a12440b03,couponandgo,2017-09-07 00:00:00.000000
clickers,5845ff465efe975ced9d0d3920c1a3b3,couponandgo,2017-09-07 00:00:00.000000
stranger,9c6b45731d5c90e9606fc5cbd4a70a42,couponandgo,2017-09-07 00:00:00.000000
halfslept,73249b87c0ba4ad2b69cbe975b16a5a9,couponandgo,2017-09-07 00:00:00.000000
frequent openers,89f52e2b6a9c7e1b37a81bd9c8b1261a,couponandgo,2017-09-07 00:00:00.000000
frequent openers,c1fee7da6cba6df6e57064b8c1f4a718,couponandgo,2017-09-07 00:00:00.000000
stranger,5638ae03538378149160bddb95f13193,couponandgo,2017-09-07 00:00:00.000000
stranger,bca4d2a823ebcd64d4f77eca4caa3fab,couponandgo,2017-09-07 00:00:00.000000
clickers,7e2c01e68fff00f945eba19fd7ee45b9,couponandgo,2017-09-07 00:00:00.000000
stranger,e19d76986908adc93f2801ad9f1cb173,couponandgo,2017-09-07 00:00:00.000000
frequent openers,a03a3ea4f71768ba87c9bbfcf22e992d,couponandgo,2017-09-07 00:00:00.000000
clickers,1bc97309970d888ca28f0a957035a3af,couponandgo,2017-09-07 00:00:00.000000
stranger,7f607ad8188b57d40d194a7d261a0cc5,couponandgo,2017-09-07 00:00:00.000000
clickers,8ca2d7604e1e8f9160f52828e5775b2a,couponandgo,2017-09-07 00:00:00.000000
stranger,2c618e1c4cef8a4e4abd8a27cdf4b009,couponandgo,2017-09-07 00:00:00.000000
halfslept,477fb057fc05245df96abced41b3ab18,couponandgo,2017-09-07 00:00:00.000000
frequent openers,e27d287df056d7d720acc051860a2502,couponandgo,2017-09-07 00:00:00.000000
new,8f54498ff584672a8b4006dcec153d52,couponandgo,2017-09-07 00:00:00.000000
new,1a5f71f8760d9890a414ae01062d9ceb,couponandgo,2017-09-07 00:00:00.000000
clickers,23b5557c0e146651ab2326a751b2169a,couponandgo,2017-09-07 00:00:00.000000
clickers,b34ce2f116d7ef53757f0f1209d6c8d8,couponandgo,2017-09-07 00:00:00.000000
stranger,8ab4fd1d1f9412c3d9fdd6b99e14cfee,couponandgo,2017-09-07 00:00:00.000000
frequent openers,417839274a91d44615e93c2a11735fd8,couponandgo,2017-09-07 00:00:00.000000
clickers,15ee4b9ce76015fd87b7e7dd2c6dcc62,couponandgo,2017-09-07 00:00:00.000000
frequent openers,7b8d332b20c78ca8dfc326612d46fe91,couponandgo,2017-09-07 00:00:00.000000
frequent openers,1fef84f1363cc2b48bc944eb7a25dd90,couponandgo,2017-09-07 00:00:00.000000
stranger,8fd6955485e304cea624208162e06de2,couponandgo,2017-09-07 00:00:00.000000
halfslept,57d8d78a26508f0e4a94dcb060d3967d,couponandgo,2017-09-07 00:00:00.000000
halfslept,69ad02541c9e3ce42584cb203498084f,couponandgo,2017-09-07 00:00:00.000000
reactivated,1db48b9cb253350eb0e732e3ac0efa76,couponandgo,2017-09-07 00:00:00.000000
halfslept,8ebb083014d6559ad8712eb3a3a17a34,couponandgo,2017-09-07 00:00:00.000000
frequent openers,4c2967d25a4ced56cbc9d301701646ef,couponandgo,2017-09-07 00:00:00.000000
frequent openers,1d3cf4dd946cd0e8c72a6792affd0b1e,couponandgo,2017-09-07 00:00:00.000000
frequent openers,8ea8a7dc87652edb1c9bfd4e8cd146eb,couponandgo,2017-09-07 00:00:00.000000
aop,cd4c8654605420aaec74f4dab4dd968b,couponandgo,2017-09-07 00:00:00.000000
stranger,4b80a9c1419ea2fc7b201f49a2492b11,couponandgo,2017-09-07 00:00:00.000000
aop,c43df281d48cd073c124acaed025ace5,couponandgo,2017-09-07 00:00:00.000000
frequent openers,a80176eafad79c63b90e36aec68803cc,couponandgo,2017-09-07 00:00:00.000000
frequent openers,d2f2b3e750cd1cf5074ff4bcc3f3cf84,couponandgo,2017-09-07 00:00:00.000000
new,4d12a86a62ae1451a261fc24f2153c3f,couponandgo,2017-09-07 00:00:00.000000
halfslept,8d2ee88b789374c0ac98a7c4d9163d27,couponandgo,2017-09-07 00:00:00.000000
new,26c6abe8fdcf72e289e30b099356e3be,couponandgo,2017-09-07 00:00:00.000000
frequent openers,03eca02722ccac0018093ebf585846ff,couponandgo,2017-09-07 00:00:00.000000
aop,2d5dce3745ef6413db7a596dc0fc294d,couponandgo,2017-09-07 00:00:00.000000
frequent openers,0ee06bef9389ee7e838559b99b0d6580,couponandgo,2017-09-07 00:00:00.000000
frequent openers,cfc52d8bbe03ccfad8542c664a12acc9,couponandgo,2017-09-07 00:00:00.000000
frequent openers,44fc001358c2bef99674b44bd7cf410e,couponandgo,2017-09-07 00:00:00.000000
frequent openers,1a77afd8dc6e95ea0aa127ae480faffd,couponandgo,2017-09-07 00:00:00.000000
new,a923eb1e27fda551c74f4ecff53a1fcc,couponandgo,2017-09-07 00:00:00.000000
frequent openers,f17042a1a43daf02685b44a8cf2085ef,couponandgo,2017-09-07 00:00:00.000000
halfslept,6dc8f040e4a4005c3543f28279c5fa23,couponandgo,2017-09-07 00:00:00.000000
clickers,cb0dc8b63993b10118553b8f69cfc166,couponandgo,2017-09-07 00:00:00.000000
frequent openers,174dd93a20e1682d3c8dd5a5675b8960,couponandgo,2017-09-07 00:00:00.000000
preactivated,99191a1d15ba947732a8368f4aaa87d8,couponandgo,2017-09-07 00:00:00.000000
clickers,b9aab69c7cd27c5514c4e73b4f25e0a0,couponandgo,2017-09-07 00:00:00.000000
clickers,6a977878d3152c32d812034426dbec82,couponandgo,2017-09-07 00:00:00.000000
stranger,64bc55b9a83262369e85dd7b7b92735b,couponandgo,2017-09-07 00:00:00.000000
frequent openers,19a2c67918afec74e024aa569356830d,couponandgo,2017-09-07 00:00:00.000000
frequent openers,be4540a0c7bd8a642f6b0a52ec7a3dea,couponandgo,2017-09-07 00:00:00.000000
stranger,863c609c7a51b9acfc6332ec6f4a95fb,couponandgo,2017-09-07 00:00:00.000000
stranger,7463b246a6616e14519138b7752a0644,couponandgo,2017-09-07 00:00:00.000000
stranger,e3d496c86cdfc80ad65e38de7fd149f5,couponandgo,2017-09-07 00:00:00.000000
frequent openers,34508bfcebc684489f472ecc4ea2cb8c,couponandgo,2017-09-07 00:00:00.000000
clickers,42788d14a08404efe516e1ac7676734d,couponandgo,2017-09-07 00:00:00.000000
frequent openers,fdb1a5518ddc0e1751b0d04f951fd942,couponandgo,2017-09-07 00:00:00.000000
frequent openers,b4da5f28ad1a2ce76dbe712be9a9cd11,couponandgo,2017-09-07 00:00:00.000000
clickers,ad2d3953e025a2ae809024196370be3b,couponandgo,2017-09-07 00:00:00.000000
halfslept,595df121fda4223bf1e40d3dc9eba74b,couponandgo,2017-09-07 00:00:00.000000
frequent openers,f058b1a409ebb8f33a52b194df0455bd,couponandgo,2017-09-07 00:00:00.000000
clickers,14ceee2b6a8961cdaa43fa8b63fa7e74,couponandgo,2017-09-07 00:00:00.000000
frequent openers,026e5f44e5463d761df76cbd80527cfe,couponandgo,2017-09-07 00:00:00.000000
preactivated,0943e01940651642e5509024652eb53c,couponandgo,2017-09-07 00:00:00.000000
stranger,e749bc7a5616b7c6ff3dc58b6fb2cac7,couponandgo,2017-09-07 00:00:00.000000
aop,647ab4319be8f238b3df0513f20b98ed,couponandgo,2017-09-07 00:00:00.000000
clickers,10a307a45604b6ddfd6283a093fc7493,couponandgo,2017-09-07 00:00:00.000000
frequent openers,c3f87275b78ff2327f5595e7a0fc254c,couponandgo,2017-09-07 00:00:00.000000
halfslept,922d07266a19bc3bef803f67727ddd15,couponandgo,2017-09-07 00:00:00.000000
frequent openers,e0803a7fe6401e52cb2067276d1a00ea,couponandgo,2017-09-07 00:00:00.000000
stranger,4cc2a32e944eced6a5e78c8aed36ec75,couponandgo,2017-09-07 00:00:00.000000
clickers,b7a0ad9185a94f2fa0918161a8afdf9f,couponandgo,2017-09-07 00:00:00.000000
halfslept,9a224d78e3227f516b47d7b94e7ad683,couponandgo,2017-09-07 00:00:00.000000
frequent openers,ee248ed2ac45149c838c3404fabeb527,couponandgo,2017-09-07 00:00:00.000000
clickers,6fb055c98a535c5cb04e6f3a06088317,couponandgo,2017-09-07 00:00:00.000000
halfslept,2da43c0e943f00d355838552ac51edf5,couponandgo,2017-09-07 00:00:00.000000
stranger,4438a45fbe04bcaf975ee5ef44069a82,couponandgo,2017-09-07 00:00:00.000000
frequent openers,98920b01f31c063e95a6a8a45b2ab0b0,couponandgo,2017-09-07 00:00:00.000000
frequent openers,27d0c27c5d6724a28892fd6af931adc8,couponandgo,2017-09-07 00:00:00.000000
clickers,29d8d420a30568a716592188052c012f,couponandgo,2017-09-07 00:00:00.000000
clickers,350ac973f4ffab8f9d72d42e5e817a19,couponandgo,2017-09-07 00:00:00.000000
stranger,dfc771f3fb5bcbcf0c603d68f948d35b,couponandgo,2017-09-07 00:00:00.000000
stranger,46204478e1ccfca651cf02857423b7fa,couponandgo,2017-09-07 00:00:00.000000
frequent openers,e733e45e423b7566da51d587339a1370,couponandgo,2017-09-07 00:00:00.000000
frequent openers,8844f82faf2f56f4b39c03e82d67802b,couponandgo,2017-09-07 00:00:00.000000
frequent openers,ce92449f40cd4bbe0c9a08c7e296fb09,couponandgo,2017-09-07 00:00:00.000000
halfslept,3b6275341ed29677e62ae87d53d2f059,couponandgo,2017-09-07 00:00:00.000000
frequent openers,4ea02a8088fd51fdc3bc2ade82cecd88,couponandgo,2017-09-07 00:00:00.000000
stranger,7d5c5ac8632db8ad0deafa2607be0c83,couponandgo,2017-09-07 00:00:00.000000
clickers,e9f7bc4964f43e36ced308e02d2ff0a1,couponandgo,2017-09-07 00:00:00.000000
frequent openers,05e0ed4200949b574b52f1255235ee71,couponandgo,2017-09-07 00:00:00.000000
stranger,27ed067588173e5bbdcbcafd415c670a,couponandgo,2017-09-07 00:00:00.000000
frequent openers,25fea8c8e9975a90815460f92d7cfa5b,couponandgo,2017-09-07 00:00:00.000000
preactivated,dfbed0ef5ac67874b9ab870d566e6286,couponandgo,2017-09-07 00:00:00.000000
stranger,d7aa8a246dd25ec6e5db22a77029e681,couponandgo,2017-09-07 00:00:00.000000
frequent openers,6b51579daaf5ac3659487bcb9f9ccf2d,couponandgo,2017-09-07 00:00:00.000000
slept,009686f904640594be6409ae71cf3b8c,couponandgo,2017-09-07 00:00:00.000000
halfslept,b7487599b0d3c0b74efc633c1b3764b1,couponandgo,2017-09-07 00:00:00.000000
frequent openers,5fca203b219f89e8eee37d78c77e1930,couponandgo,2017-09-07 00:00:00.000000
halfslept,358c9d9fc6bbc669db2036e36d1f3989,couponandgo,2017-09-07 00:00:00.000000
frequent openers,a6d4002ef607b266d297d8ad8e3fa35c,couponandgo,2017-09-07 00:00:00.000000
clickers,7e514e59a41eb21d29c49df3211a0158,couponandgo,2017-09-07 00:00:00.000000
clickers,8cca6fdda344ccb3b652a8c83500d440,couponandgo,2017-09-07 00:00:00.000000
frequent openers,f2955b7cb547970969afbe9d85579146,couponandgo,2017-09-07 00:00:00.000000
clickers,68bdbc5790c70a4b68073c864970150a,couponandgo,2017-09-07 00:00:00.000000
slept,6e37226cbb6e1a33d5a7be2f4e9daa0f,couponandgo,2017-09-07 00:00:00.000000
clickers,831b5892059026f4d174ca507a9f66b4,couponandgo,2017-09-07 00:00:00.000000
clickers,16a921ad50731e2ea036bc5fddb62a2e,couponandgo,2017-09-07 00:00:00.000000
clickers,412b76406e1c02bdd67d365895893358,couponandgo,2017-09-07 00:00:00.000000
new,bc951d67b5a69658c9b7909e63dd7d2c,couponandgo,2017-09-07 00:00:00.000000
stranger,56de503bbf62f791aa51a4fb7364c372,couponandgo,2017-09-07 00:00:00.000000
clickers,52fbd32bfc46d1e15de609ef82e53fda,couponandgo,2017-09-07 00:00:00.000000
halfslept,44414b43fdba04c2076b4ad9664f8dba,couponandgo,2017-09-07 00:00:00.000000
preactivated,56b06c426e4a4392b845906645c12524,couponandgo,2017-09-07 00:00:00.000000
frequent openers,05c880febd373e58aab3b0d25bd9c0da,couponandgo,2017-09-07 00:00:00.000000
clickers,c1855e0657d45658874c406e87afbea1,couponandgo,2017-09-07 00:00:00.000000
frequent openers,4085d5ead00367f6daa0c8cdc55916c0,couponandgo,2017-09-07 00:00:00.000000
halfslept,f48ca07dc0c5c8fd45ec2c8ffb0640e1,couponandgo,2017-09-07 00:00:00.000000
frequent openers,7dbe9b3f71a464c93a735fdfb0e92c73,couponandgo,2017-09-07 00:00:00.000000
frequent openers,ee50d1d4ce61947e2e6c244b96e00abf,couponandgo,2017-09-07 00:00:00.000000
halfslept,256112735b2b852e594cdd43941a0724,couponandgo,2017-09-07 00:00:00.000000
clickers,80c44dbf8e98512be27ca1ef30408005,couponandgo,2017-09-07 00:00:00.000000
frequent openers,0a54759151d0d64268b1dc4ff913b242,couponandgo,2017-09-07 00:00:00.000000
halfslept,8fd7070f86013358eb7e34922a25c427,couponandgo,2017-09-07 00:00:00.000000
stranger,9f267b4492de66afce8c429fe742d7ec,couponandgo,2017-09-07 00:00:00.000000
frequent openers,92050b168a9cb9f23c694850ec0d5136,couponandgo,2017-09-07 00:00:00.000000
stranger,ef0eaf1f51865a21fb24ce429e56c174,couponandgo,2017-09-07 00:00:00.000000
frequent openers,d852fd0d46c50869d2cd92b30422bbaa,couponandgo,2017-09-07 00:00:00.000000
aop,5073c5b28fe7fdebc726c0d2322ea08c,couponandgo,2017-09-07 00:00:00.000000
frequent openers,0bbaafa99bcca18a38c9d13184e4532b,couponandgo,2017-09-07 00:00:00.000000
clickers,4d2d11314b85dcc85bd2c52b05bdebbc,couponandgo,2017-09-07 00:00:00.000000
preactivated,adddac83de49d40f1aeebb73cf40923a,couponandgo,2017-09-07 00:00:00.000000
clickers,c3c02a50e0dd572fd0672a2fc90bb82f,couponandgo,2017-09-07 00:00:00.000000
aop,6f996c1d0d9bd5c4a66f5a2e4ace439a,couponandgo,2017-09-07 00:00:00.000000
frequent openers,d78c5ff978130b1e1d445a4bd3723b57,couponandgo,2017-09-07 00:00:00.000000
new,ae47a282b2c8b8756b9d301b63fef7fc,couponandgo,2017-09-07 00:00:00.000000
frequent openers,b00728e116ab663cab7789eb20c5b3df,couponandgo,2017-09-07 00:00:00.000000
stranger,54c5a798c8d1d69d18cfb5d7b2df8feb,couponandgo,2017-09-07 00:00:00.000000
frequent openers,17afe9f8aa72e48e117b39fab1ca7c49,couponandgo,2017-09-07 00:00:00.000000
stranger,8c65261132dd31a90f8351e1c7d7150a,couponandgo,2017-09-07 00:00:00.000000
frequent openers,0b9811c71bd4b32482fccba5e4fe7a41,couponandgo,2017-09-07 00:00:00.000000
clickers,2c9d2d72cc9c4d7369ce995c0e3ec31c,couponandgo,2017-09-07 00:00:00.000000
preactivated,f27381648a3b12773dbb0b1918228069,couponandgo,2017-09-07 00:00:00.000000
aop,87805d240a1dd766978453882aec7722,couponandgo,2017-09-07 00:00:00.000000
stranger,449bf07b3fa036cf1792b47460e176d1,couponandgo,2017-09-07 00:00:00.000000
frequent openers,7282fbbdfcc26bb02ac35bb4e5bc9789,couponandgo,2017-09-07 00:00:00.000000
clickers,c65aed52f3a22a077d10a98ffb981e93,couponandgo,2017-09-07 00:00:00.000000
frequent openers,84785f428bae9732bde987a6da157d15,couponandgo,2017-09-07 00:00:00.000000
clickers,9628420d00e01317120356e7ab894ca2,couponandgo,2017-09-07 00:00:00.000000
frequent openers,0868f26ceb063ea035a6f539b72c7447,couponandgo,2017-09-07 00:00:00.000000
frequent openers,45e87bdc955cc1149562adada3e70602,couponandgo,2017-09-07 00:00:00.000000
frequent openers,18ac540bbcd29ac1399d33c3437de448,couponandgo,2017-09-07 00:00:00.000000
clickers,95406115dc5e521897eb062f66147301,couponandgo,2017-09-07 00:00:00.000000
halfslept,90e9c33faeba300c23188f4992b22ae2,couponandgo,2017-09-07 00:00:00.000000
clickers,386a6f2becd249901f23f4f78c030f58,couponandgo,2017-09-07 00:00:00.000000
preactivated,31fb50adbc778684e04e5c9ac0b14bef,couponandgo,2017-09-07 00:00:00.000000
clickers,5f20054d5d81d9bbf193157b8d941709,couponandgo,2017-09-07 00:00:00.000000
stranger,b4826736c50071904c6fe4383d1a7cbf,couponandgo,2017-09-07 00:00:00.000000
stranger,940ea1242dfc9ba4c83becdc1057e63c,couponandgo,2017-09-07 00:00:00.000000
frequent openers,cb67da4a8216b3fe68144f01160ffa53,couponandgo,2017-09-07 00:00:00.000000
clickers,6b6c62e332ecea8b74fb250b00880e35,couponandgo,2017-09-07 00:00:00.000000
clickers,179e78bccc9b44e7066a7c77c359887a,couponandgo,2017-09-07 00:00:00.000000
clickers,aedd0f831db96a269340d1c9ee304eb9,couponandgo,2017-09-07 00:00:00.000000
stranger,e2e4b133ce38ba93b8a0c36df3e0328b,couponandgo,2017-09-07 00:00:00.000000
frequent openers,a7a3f67c1a93f664363b83aff2a7b538,couponandgo,2017-09-07 00:00:00.000000
slept,25d42723b3f4a9c9905b22ea4b496f59,couponandgo,2017-09-07 00:00:00.000000
clickers,07eddd03536a59a52f3e998aa71a6bd6,couponandgo,2017-09-07 00:00:00.000000
stranger,500dca54889e844b86a9f86ed5be6946,couponandgo,2017-09-07 00:00:00.000000
halfslept,12da3142b13f2c32ad57ec6dd01b76c2,couponandgo,2017-09-07 00:00:00.000000
halfslept,7a665b2da276116d24a2cb124aad4e17,couponandgo,2017-09-07 00:00:00.000000
frequent openers,98cfb2a78c2ea2806216c694901018f9,couponandgo,2017-09-07 00:00:00.000000
clickers,baf1108abd6721eee5976b046034b988,couponandgo,2017-09-07 00:00:00.000000
clickers,edecc790e9d1abe6daedb19630897f88,couponandgo,2017-09-07 00:00:00.000000
keepalive,25f2f815c1792d92709b234e66bdb530,couponandgo,2017-09-07 00:00:00.000000
stranger,f736b2e018203adf3dae368cad85da1f,couponandgo,2017-09-07 00:00:00.000000
clickers,4203fc9fbc717a5102c28d79aded315c,couponandgo,2017-09-07 00:00:00.000000
new,93597e4bd48a92b4934b2ece53410748,couponandgo,2017-09-07 00:00:00.000000
clickers,e5c90f04fabb83bccdc98155b7e5c7f9,couponandgo,2017-09-07 00:00:00.000000
stranger,41b50c995f9abdf59cc7547f7c2701bf,couponandgo,2017-09-07 00:00:00.000000
clickers,7dd3b55dd64d73fa4c92e10cbf4987c2,couponandgo,2017-09-07 00:00:00.000000
halfslept,f302049b650f1610c916fdb14fe4a3fd,couponandgo,2017-09-07 00:00:00.000000
keepalive,1577c53422b608d74cf64a89bfb3d19a,couponandgo,2017-09-07 00:00:00.000000
frequent openers,b5468ecfecab038e0b30e8393aec755c,couponandgo,2017-09-07 00:00:00.000000
frequent openers,642513e6b2995883a4fde88ba9502e44,couponandgo,2017-09-07 00:00:00.000000
stranger,da0bcb9e25e4148072cbe67263e7ab80,couponandgo,2017-09-07 00:00:00.000000
preactivated,29902e237fb15e7178ee8d5a8017285d,couponandgo,2017-09-07 00:00:00.000000
frequent openers,b11abd0d590d7805a281d3418ed37cd8,couponandgo,2017-09-07 00:00:00.000000
clickers,de71d6a563bc8a0474c594c4230028c8,couponandgo,2017-09-07 00:00:00.000000
frequent openers,8b7cfa8c3322bea6ded61892daa6cc1d,couponandgo,2017-09-07 00:00:00.000000
clickers,59ad6d8d6984542a77b8c5d4ee4adee6,couponandgo,2017-09-07 00:00:00.000000
aop,79cc6edabf67fe5c7954de8f98bd48c1,couponandgo,2017-09-07 00:00:00.000000
frequent openers,9bd5a83d3c999fe2005d173f1b36ff9a,couponandgo,2017-09-07 00:00:00.000000
frequent openers,71ce5821775f9793aab9dd6322faa6b8,couponandgo,2017-09-07 00:00:00.000000
frequent openers,59930662efec6d684fa19a94bae5d4a5,couponandgo,2017-09-07 00:00:00.000000
stranger,68ef294a4bb09a13b46ca8d3ecccb567,couponandgo,2017-09-07 00:00:00.000000
preactivated,68129ab62a68fe53560cccab17acd585,couponandgo,2017-09-07 00:00:00.000000
frequent openers,4c808d194bd44543903e8ca32f6fd76b,couponandgo,2017-09-07 00:00:00.000000
stranger,975f11e39ae04c46d3532802b23eafa1,couponandgo,2017-09-07 00:00:00.000000
stranger,7f02a172ecf7105d8d13405d861796f4,couponandgo,2017-09-07 00:00:00.000000
frequent openers,6942f52eb409f26e1ef89d27cd6249c0,couponandgo,2017-09-07 00:00:00.000000
frequent openers,eafd824bae75ffbebf44f71d48fc72eb,couponandgo,2017-09-07 00:00:00.000000
clickers,9c11605962c666c966a9182dd36bbb7e,couponandgo,2017-09-07 00:00:00.000000
frequent openers,2b4b49ee111e641c5a472a00f38f29af,couponandgo,2017-09-07 00:00:00.000000
stranger,c9e446d97810884521875b57dde2c922,couponandgo,2017-09-07 00:00:00.000000
frequent openers,b3d993cc2a4f4ee2ced99fc6e818ead7,couponandgo,2017-09-07 00:00:00.000000
frequent openers,945ce7263a96e1b56022e4a7bd7c931f,couponandgo,2017-09-07 00:00:00.000000
reactivated,c73f2b4b9849c6de04f82b7cef4273c9,couponandgo,2017-09-07 00:00:00.000000
frequent openers,b99d2c58cae6f653aa773fa49cfe2f5e,couponandgo,2017-09-07 00:00:00.000000
frequent openers,f538e21436c416c5d8a4ff4c44ea139e,couponandgo,2017-09-07 00:00:00.000000
preactivated,384fe75a1a586cb1435f5b34f7534706,couponandgo,2017-09-07 00:00:00.000000
halfslept,bf85128bbcee02208ee3fc46f437aa0d,couponandgo,2017-09-07 00:00:00.000000
frequent openers,4c41a5792ada17f7cb98b7f7a150bdb8,couponandgo,2017-09-07 00:00:00.000000
preactivated,d73e6eb69e3740cdc52b8f6c091cb019,couponandgo,2017-09-07 00:00:00.000000
frequent openers,f92daabff4ee29aa8cd6e1c45caf7281,couponandgo,2017-09-07 00:00:00.000000
frequent openers,78585ce607c121a7b55be50f890d3435,couponandgo,2017-09-07 00:00:00.000000
halfslept,7b21111e3689a66a27fc95203bc2f02f,couponandgo,2017-09-07 00:00:00.000000
preactivated,ffeaca5a24a58fe55f471a1f893d47f1,couponandgo,2017-09-07 00:00:00.000000
clickers,623eed250f7eaef146724ea12df09ee1,couponandgo,2017-09-07 00:00:00.000000
clickers,965372b02e4d9a842e09718d78fd67a6,couponandgo,2017-09-07 00:00:00.000000
stranger,4e8df9c7a8fc41a55e92261376f89983,couponandgo,2017-09-07 00:00:00.000000
frequent openers,a53e54a30d87769f360175a76c881531,couponandgo,2017-09-07 00:00:00.000000
frequent openers,24837344258ef62c5899935ade12d418,couponandgo,2017-09-07 00:00:00.000000
stranger,4d12e001ce8d2b440144e74e2740b728,couponandgo,2017-09-07 00:00:00.000000
frequent openers,9cf1a35c26b07126e569a337e1292f5e,couponandgo,2017-09-07 00:00:00.000000
aop,678cfd9be86e17e459f8750fef984832,couponandgo,2017-09-07 00:00:00.000000
clickers,461895eff039efdc3c8863b80565b4d9,couponandgo,2017-09-07 00:00:00.000000
stranger,eed203c032e57f22ad750c13a616befb,couponandgo,2017-09-07 00:00:00.000000
new,fd9150102d4b09523e3cd0a4b2ad358a,couponandgo,2017-09-07 00:00:00.000000
stranger,2b9e0456c49e337d391dccf8cb764aa5,couponandgo,2017-09-07 00:00:00.000000
frequent openers,71949a786fb5b129bbd5005cc4449865,couponandgo,2017-09-07 00:00:00.000000
frequent openers,bc36354bbf133550b6a52d7272d818d3,couponandgo,2017-09-07 00:00:00.000000
preactivated,64971a2030f6c8d4a771d6704f7c419e,couponandgo,2017-09-07 00:00:00.000000
halfslept,0b387f3ebf8b28365f60658224f17daa,couponandgo,2017-09-07 00:00:00.000000
clickers,7cd0902624049843d98a1c71ddf77a9d,couponandgo,2017-09-07 00:00:00.000000
keepalive,40bffb5e8c8067cf7cba8ed72c538b32,couponandgo,2017-09-07 00:00:00.000000
new,1c1c21db399b36cea1ecdf306f3a95d0,couponandgo,2017-09-07 00:00:00.000000
stranger,3173b853d8eb7c2af28db0e63d9216b5,couponandgo,2017-09-07 00:00:00.000000
frequent openers,c38beed2d0ae0d59ec22b2a5dcd946ad,couponandgo,2017-09-07 00:00:00.000000
clickers,47bb8cd1ef41e16594f84c97ecc3754b,couponandgo,2017-09-07 00:00:00.000000
frequent openers,5f5b53fc0da881e4b627b9c69f244c96,couponandgo,2017-09-07 00:00:00.000000
stranger,765e59ce7c8384e3c40a5a67818dba78,couponandgo,2017-09-07 00:00:00.000000
keepalive,ca2a02c2ec0f06c424a79b5d4d5d8ecb,couponandgo,2017-09-07 00:00:00.000000
reactivated,aa1ca7b62b7a34010f8f871f1dfe57f7,couponandgo,2017-09-07 00:00:00.000000
frequent openers,e852f97d77175acb9d6232f6590e2567,couponandgo,2017-09-07 00:00:00.000000
frequent openers,93f35481ee11c913c0315be19c78a6ef,couponandgo,2017-09-07 00:00:00.000000
frequent openers,4ed3cee91a7add4ba3b18e7203b32153,couponandgo,2017-09-07 00:00:00.000000
frequent openers,227008e23e0aba2cc15a2a3be6588cc5,couponandgo,2017-09-07 00:00:00.000000
clickers,c2c9b3b3b46a6afe1617540f0dcd1e39,couponandgo,2017-09-07 00:00:00.000000
new,18d34f53453223affb5f28767347e5f1,couponandgo,2017-09-07 00:00:00.000000
frequent openers,67194217574fedc91e1d5b61254bc2a8,couponandgo,2017-09-07 00:00:00.000000
frequent openers,b8b98b018d2fc70676af1d5ac5b8590c,couponandgo,2017-09-07 00:00:00.000000
frequent openers,315dfe3e19504174dd03a1bc077842bf,couponandgo,2017-09-07 00:00:00.000000
halfslept,096032d5827a4b5570aa26ec1e7b33be,couponandgo,2017-09-07 00:00:00.000000
awaken,8b99cfd28873dcb1f5d2ce90920ee564,couponandgo,2017-09-07 00:00:00.000000
frequent openers,84569d99bb16291ef9a9b8b5df1e6734,couponandgo,2017-09-07 00:00:00.000000
frequent openers,6c3895c36e5118beda2982ffb1a5b4cc,couponandgo,2017-09-07 00:00:00.000000
halfslept,6dd8bf50ceb97a2e97084b7a004fd0e4,couponandgo,2017-09-07 00:00:00.000000
frequent openers,63790e9fb0a12a65bfcf6cb16fd5f778,couponandgo,2017-09-07 00:00:00.000000
total inactive,0355fcc07fd047d2d0aafd3e61d29250,couponandgo,2017-09-07 00:00:00.000000
frequent openers,cf352192c872275534e2c749ba0f4546,couponandgo,2017-09-07 00:00:00.000000
frequent openers,8f610f048bdce1a3e281be0ae64236da,couponandgo,2017-09-07 00:00:00.000000
clickers,542402f07d7e324faa7ea7a1ccee852b,couponandgo,2017-09-07 00:00:00.000000
frequent openers,683a40730eef4d3a94524001e61f0502,couponandgo,2017-09-07 00:00:00.000000
frequent openers,8972c57f01ba6e5bc9cb4f8e8445e84c,couponandgo,2017-09-07 00:00:00.000000
clickers,794cd2a062d2d11a34ecb7c2bfb08174,couponandgo,2017-09-07 00:00:00.000000
frequent openers,cfc4c2796f69330f24642f1bf69ce159,couponandgo,2017-09-07 00:00:00.000000
keepalive,ffb32eeff82139f778fc9907d34d848f,couponandgo,2017-09-07 00:00:00.000000
frequent openers,df8d8bf4b778e6a86620a28a57655a8b,couponandgo,2017-09-07 00:00:00.000000
clickers,18a752e9f6c1d72f39cfbb69aa3aed3a,couponandgo,2017-09-07 00:00:00.000000